School,City,Region,Applied,Admitted,Enrolled
21ST CENTURY LEARNING INST,Beaumont,Riverside,,,
A B MILLER HIGH SCHOOL,Fontana,San Bernardino,59,50,21
ABLE CHARTER,Stockton,San Joaquin,11,9,
ABRAHAM LINCOLN HIGH SCHOOL,Los Angeles,Los Angeles,65,35,26
ABRAHAM LINCOLN HIGH SCHOOL,San Francisco,San Francisco,226,133,80
ABRAHAM LINCOLN HIGH SCHOOL,San Jose,Santa Clara,105,56,23
ACAD FOR ACADEMIC EXCELLENCE,Apple Valley,San Bernardino,27,17,14
ACADEMIA AVANCE CHARTER SCHOOL,Los Angeles,Los Angeles,35,23,9
ACADEMIC LEADERSHIP COMMUNITY,Los Angeles,Los Angeles,18,11,6
ACADEMIES EDUCATION/EMPOWERMNT,Carson,Los Angeles,28,16,6
ACADEMIES OF ANTELOPE VALLEY,Lancaster,Los Angeles,,,
ACADEMY OF CAREERS AND EXPLORA,Helendale,San Bernardino,8,3,
ACADEMY OF INNOVATION,Hemet,Riverside,5,,
ACADEMY OF MEDICAL ARTS AT CARSON,Carson,Los Angeles,48,12,4
ACADEMY OF SCIENTIFIC EXPLORAT,San Fernando,Los Angeles,20,9,6
ACADEMY OF THE CANYONS,Santa Clarita,Los Angeles,67,47,30
ACADEMY OF THE REDWOODS,Eureka,Humboldt,15,13,10
ACADEMY-SAN FRAN @ MCATEER,San Francisco,San Francisco,13,9,7
ACALANES CENTER FOR IND STUDY,Walnut Creek,Contra Costa,,,
ACALANES HIGH SCHOOL,Lafayette,Contra Costa,132,81,34
ACE CHARTER HIGH SCHOOL,San Jose,Santa Clara,8,3,3
ADELANTO HIGH SCHOOL,Adelanto,San Bernardino,47,28,18
ADOLFO CAMARILLO HIGH SCHOOL,Camarillo,Ventura,118,65,31
ADRIAN C WILCOX HIGH SCHOOL,Santa Clara,Santa Clara,141,105,69
ADULT EDUCATION CENTER DIBBLE,Hacienda Heights,Los Angeles,,,
AGOURA HIGH SCHOOL,Agoura Hills,Los Angeles,143,89,36
AIMS COLLEGE PREP HIGH SCHOOL,Oakland,Alameda,62,39,22
ALAIN LEROY LOCKE COLLEGE PREP,Los Angeles,Los Angeles,67,33,9
ALAMEDA COMMUNITY LEARNING CTR,Alameda,Alameda,14,8,6
ALAMEDA HIGH SCHOOL,Alameda,Alameda,195,146,100
ALAMEDA SCIENCE & TECHLGY INST,Alameda,Alameda,36,24,19
ALBANY HIGH SCHOOL,Albany,Alameda,146,108,66
ALEXANDER HAMILTON HIGH SCHOOL,Los Angeles,Los Angeles,207,113,52
ALHAMBRA HIGH SCHOOL,Alhambra,Los Angeles,189,135,102
ALHAMBRA HIGH SCHOOL,Martinez,Contra Costa,40,28,11
ALISAL HIGH SCHOOL,Salinas,Monterey,163,101,42
ALISO NIGUEL HIGH SCHOOL,Aliso Viejo,Orange,256,171,103
ALLIANCE ALICE M BAXTER CRHS,San Pedro,Los Angeles,22,12,5
ALLIANCE CINDY/BILL SIMON TECH,Los Angeles,Los Angeles,61,40,19
ALLIANCE COLLINS FAMILY COLRDY,Huntington Park,Los Angeles,68,46,26
ALLIANCE DR OLGA MOHAN HIGH SC,Los Angeles,Los Angeles,42,35,20
ALLIANCE GERTZ-RESSLER HIGH SC,Los Angeles,Los Angeles,61,33,13
ALLIANCE JUDY BURTON TECH ACAD,Los Angeles,Los Angeles,87,61,23
ALLIANCE LEICHTMAN-LEVINE ESHS,Los Angeles,Los Angeles,62,43,16
ALLIANCE M&E STERN MATH SCI SCH,Los Angeles,Los Angeles,60,51,22
ALLIANCE MARGARET M BLOOMFIELD,Huntington Park,Los Angeles,62,37,19
ALLIANCE MORGAN MCKINZIE HS,Los Angeles,Los Angeles,27,19,10
ALLIANCE OUCHI-O'DONOVAN 6-12,Los Angeles,Los Angeles,50,24,12
ALLIANCE PATTI & PETER ACADEMY,Los Angeles,Los Angeles,83,41,20
ALLIANCE PIERA BARBAGLIA HSA,Los Angeles,Los Angeles,32,11,6
ALLIANCE RENEE & MEYER LUSKIN,Los Angeles,Los Angeles,52,19,8
ALLIANCE SMIDT TECHNOLOGY HIGH,Los Angeles,Los Angeles,49,35,13
ALLIANCE TED K TAJIMA HIGH SCH,Los Angeles,Los Angeles,41,31,23
ALLIANCE TENNENBAUM FAMILY TECH HS,Los Angeles,Los Angeles,30,20,10
ALPHA CINDY AVITIA HIGH SCHOOL,San Jose,Santa Clara,57,33,17
ALTA LOMA HIGH SCHOOL,Alta Loma,San Bernardino,108,69,42
ALTA VISTA ALTERNATIVE HS,Santa Barbara,Santa Barbara,5,5,3
ALTA VISTA INNOVATION HIGH,Hesperia,San Bernardino,,,
ALTA VISTA SOUTH PUBLIC CHRTR,San Bernardino,San Bernardino,,,
ALTERNATIVES IN ACTION HS,Oakland,Alameda,27,,
AMADOR HIGH SCHOOL,Sutter Creek,Amador,8,5,3
AMADOR VALLEY HIGH SCHOOL,Pleasanton,Alameda,348,241,119
AMBASSADOR SCHL GLOBAL LDRSHP,Los Angeles,Los Angeles,23,13,5
AMERICAN CANYON HIGH SCHOOL,American Canyon,Napa,86,55,29
AMERICAN HIGH SCHOOL,Fremont,Alameda,258,200,135
AMOS ALONZO STAGG HIGH SCHOOL,Stockton,San Joaquin,23,12,3
ANAHEIM ADULT SCHOOL,Anaheim,Orange,,,
ANAHEIM HIGH SCHOOL,Anaheim,Orange,82,40,23
ANAHUACALMECAC INTRL UNIV PREP,Los Angeles,Los Angeles,5,4,
ANALY HIGH SCHOOL,Sebastopol,Sonoma,49,34,14
ANDERSON NEW TECHNOLOGY HIGH S,Anderson,Shasta,,,
ANDERSON UNION HIGH SCHOOL,Anderson,Shasta,6,6,3
ANDERSON VALLEY HIGH SCHOOL,Boonville,Mendocino,6,5,3
ANDREW P HILL HIGH SCHOOL,San Jose,Santa Clara,78,54,26
ANGELO RODRIGUEZ HIGH SCHOOL,Fairfield,Solano,94,61,36
ANIMO COLLEGE PREP ACADEMY,Los Angeles,Los Angeles,24,16,8
ANIMO INGLEWOOD CHARTER HS,Inglewood,Los Angeles,49,34,12
ANIMO JACKIE ROBINSON CHRT SCH,Los Angeles,Los Angeles,84,38,24
ANIMO LEADERSHIP CHARTER HS,Inglewood,Los Angeles,96,68,33
ANIMO PAT BROWN CHARTER HS,Los Angeles,Los Angeles,65,44,16
ANIMO RALPH BUNCHE CHARTER HS,Los Angeles,Los Angeles,38,24,16
ANIMO S LOS ANGELES CHARTER HS,Los Angeles,Los Angeles,103,23,11
ANIMO VENICE CHARTER HS,Venice,Los Angeles,62,28,11
ANIMO WATTS COLLGE PREP ACDMY,Los Angeles,Los Angeles,25,14,5
ANN SOBRATO HIGH SCHOOL,Morgan Hill,Santa Clara,104,68,28
ANTELOPE HIGH SCHOOL,Antelope,Sacramento,71,48,27
ANTELOPE VALLEY HIGH SCHOOL,Lancaster,Los Angeles,50,22,8
ANTELOPE VALLEY LEARNING ACDMY,Palmdale,Los Angeles,,,
ANTIOCH HIGH SCHOOL,Antioch,Contra Costa,43,29,15
ANZAR HIGH SCHOOL,San Juan Bautista,San Benito,9,5,3
APEX ACADEMY HIGH SCHOOL,Los Angeles,Los Angeles,24,9,6
APPLE VALLEY HIGH SCHOOL,Apple Valley,San Bernardino,62,42,21
APPLIED TECHNOLOGY CENTER,Montebello,Los Angeles,39,13,6
APTOS HIGH SCHOOL,Aptos,Santa Cruz,80,44,20
ARAGON HIGH SCHOOL,San Mateo,San Mateo,160,116,65
ARCADIA HIGH SCHOOL,Arcadia,Los Angeles,451,336,194
ARCATA HIGH SCHOOL,Arcata,Humboldt,40,29,19
ARCHIE WILLIAMS HIGH SCHOOL,San Anselmo,Marin,123,79,43
ARCHITECTURE CONSTRUCT ENG HS,Camarillo,Ventura,,,
ARGONAUT HIGH SCHOOL,Jackson,Amador,11,7,
ARISE HIGH SCHOOL,Oakland,Alameda,30,10,3
ARLETA CAL-SAFE,Arleta,Los Angeles,,,
ARLETA HIGH SCHOOL,Arleta,Los Angeles,65,25,8
ARLINGTON HIGH SCHOOL,Riverside,Riverside,99,59,44
ARMIJO HIGH SCHOOL,Fairfield,Solano,67,43,33
ARNOLD O BECKMAN HIGH SCHOOL,Irvine,Orange,374,257,130
ARROYO GRANDE HIGH (CROWN HILL),Arroyo Grande,San Luis Obispo,,,
ARROYO GRANDE HIGH SCHOOL,Arroyo Grande,San Luis Obispo,107,73,43
ARROYO HIGH SCHOOL,El Monte,Los Angeles,141,93,70
ARROYO HIGH SCHOOL,San Lorenzo,Alameda,107,63,42
ARROYO VALLEY HIGH SCHOOL,San Bernardino,San Bernardino,97,58,39
ARTESIA HIGH SCHOOL,Lakewood,Los Angeles,63,34,11
ARVIN HIGH SCHOOL,Arvin,Kern,77,50,23
ASPIRE ALEXANDER TWILIGHT SCND,Sacramento,Sacramento,8,6,
ASPIRE BENJAMIN HOLT COLG PREP,Stockton,San Joaquin,37,30,16
ASPIRE EAST PALO ALTO PHOENIX,East Palo Alto,San Mateo,17,12,11
ASPIRE GOLDEN STATE PREP ACADEMY,Oakland,Alameda,40,21,8
ASPIRE LANGSTON HUGHES ACADEMY,Stockton,San Joaquin,47,22,7
ASPIRE LIONEL WILSON COLG PREP,Oakland,Alameda,29,17,8
ASPIRE OLLIN UNIV PREP ACDMY,Huntington Park,Los Angeles,57,23,12
ASPIRE PACIFIC ACADEMY,Huntington Park,Los Angeles,21,7,
ASPIRE RICHMOND CA COLG PREP,Richmond,Contra Costa,13,8,5
ASPIRE VANGUARD COL PREP ACAD,Modesto,Stanislaus,8,6,4
ASSURANCE LEARNING ACADEMY,Lancaster,Los Angeles,,,
ATASCADERO HIGH SCHOOL,Atascadero,San Luis Obispo,26,18,9
ATWATER HIGH SCHOOL,Atwater,Merced,66,49,22
AUDEO CHARTER SCHOOL II,San Diego,San Diego,,,
AUDEO CHARTER SCHOOL,San Diego,San Diego,,,
AUGUSTUS HAWKINS COMM HEALTH ADVCTE,Los Angeles,Los Angeles,20,7,3
AUGUSTUS HAWKINS HIGH SCHOOL RISE,Los Angeles,Los Angeles,11,5,3
AVALON HIGH SCHOOL,Avalon,Los Angeles,,,
AVENAL HIGH SCHOOL,Avenal,Kings,50,35,12
AVESON GLOBAL LEADERSHIP ACAD,Altadena,Los Angeles,11,,
AZUSA HIGH SCHOOL,Azusa,Los Angeles,44,25,8
BAKERSFIELD HIGH SCHOOL,Bakersfield,Kern,59,37,21
BALBOA HIGH SCHOOL,San Francisco,San Francisco,112,68,38
BALDWIN PARK HIGH SCHOOL,Baldwin Park,Los Angeles,98,65,31
BANNING HIGH SCHOOL,Banning,Riverside,51,27,13
BARSTOW HIGH SCHOOL,Barstow,San Bernardino,23,16,9
BASSETT HIGH SCHOOL,La Puente,Los Angeles,45,27,19
BAY AREA TECHNOLOGY-BAYTECH,Oakland,Alameda,12,4,4
BAYFRONT CHARTER HIGH SCHOOL,Chula Vista,San Diego,25,10,5
BE TECH VOCATIONAL ACADEMY,Manteca,San Joaquin,,,
BEAR CREEK HIGH SCHOOL,Stockton,San Joaquin,66,38,19
BEAR RIVER HIGH SCHOOL,Grass Valley,Nevada,15,9,7
BEAUMONT HIGH SCHOOL,Beaumont,Riverside,114,81,38
BELL GARDENS SENIOR HS,Bell Gardens,Los Angeles,120,78,40
BELL HIGH SCHOOL,Bell,Los Angeles,184,107,50
BELLA VISTA HIGH SCHOOL,Fair Oaks,Sacramento,81,47,27
BELLFLOWER HIGH SCHOOL,Bellflower,Los Angeles,50,34,17
BELMONT HIGH SCHOOL,Los Angeles,Los Angeles,60,31,21
BENICIA HIGH SCHOOL,Benicia,Solano,91,61,32
BENJAMIN FRANKLIN HIGH SCHOOL,Los Angeles,Los Angeles,55,39,14
BERKELEY HIGH SCHOOL,Berkeley,Alameda,401,302,153
BERT CORONA CHARTER HIGH SCHL,Pacoima,Los Angeles,11,4,3
BEVERLY HILLS HIGH SCHOOL,Beverly Hills,Los Angeles,174,114,49
BIG BEAR HIGH SCHOOL,Big Bear City,San Bernardino,20,14,4
BIG VALLEY HIGH SCHOOL,Bieber,Lassen,,,
BIGGS HIGH SCHOOL,Biggs,Butte,,,
BIRMINGHAM COMMUNITY HS,Lake Balboa,Los Angeles,190,102,41
BISHOP UNION HIGH SCHOOL,Bishop,Inyo,28,11,5
BLAIR HIGH SCHOOL,Pasadena,Los Angeles,44,26,12
BLOOMINGTON HIGH SCHOOL,Bloomington,San Bernardino,94,43,16
BOLSA GRANDE HIGH SCHOOL,Garden Grove,Orange,185,107,50
BONITA HIGH SCHOOL,La Verne,Los Angeles,125,76,42
BONITA VISTA HIGH SCHOOL,Chula Vista,San Diego,125,83,55
BONSALL HIGH SCHOOL,Bonsall,San Diego,17,11,4
BORREGO SPRINGS HIGH SCHOOL,Borrego Springs,San Diego,6,6,
BRANHAM HIGH SCHOOL,San Jose,Santa Clara,107,80,47
BRAWLEY UNION HIGH SCHOOL,Brawley,Imperial,37,21,11
BREA OLINDA HIGH SCHOOL,Brea,Orange,137,88,46
BRET HARTE UNION HIGH SCHOOL,Angels Camp,Calaveras,16,8,4
BUCKINGHAM COLLEGIATE CHARTER,Vacaville,Solano,12,6,
BUENA HIGH SCHOOL,Ventura,Ventura,56,30,11
BUENA PARK HIGH SCHOOL,Buena Park,Orange,81,43,20
BUENA VISTA VIRTUAL ACADEMY,Yorba Linda,Orange,,,
BUHACH COLONY HIGH SCHOOL,Atwater,Merced,74,53,28
BULLARD HIGH SCHOOL,Fresno,Fresno,41,26,13
BURBANK ADULT SCHOOL,Burbank,Los Angeles,,,
BURBANK INDEPENDENT LEARNING,Burbank,Los Angeles,,,
BURBANK SENIOR HIGH SCHOOL,Burbank,Los Angeles,161,95,60
BURLINGAME HIGH SCHOOL,Burlingame,San Mateo,167,107,51
C K MCCLATCHY HIGH SCHOOL,Sacramento,Sacramento,115,75,45
CA CONNECTIONS ACADEMY CAPISTRANO,San Juan Capistrano,Orange,49,39,22
CA CONNECTIONS ACADEMY CNTRL V,Ripon,San Joaquin,,,
CA PCFC CHRTR SCHLS SD CALPAC,Newport Beach,Orange,,,
CA SCH ARTS SAN GABRIEL VALLEY,Duarte,Los Angeles,35,18,9
CABRILLO HIGH SCHOOL,Lompoc,Santa Barbara,35,19,8
CABRILLO POINT ACADEMY,El Cajon,San Diego,,,
CAJON HIGH SCHOOL,San Bernardino,San Bernardino,128,69,35
CAL BURKE HIGH SCHOOL,Panorama City,Los Angeles,,,
CAL PAC SCHOOLS-CENTRAL CAL,Newport Beach,Orange,,,
CALABASAS HIGH SCHOOL,Calabasas,Los Angeles,208,138,76
CALAVERAS HIGH SCHOOL,San Andreas,Calaveras,23,17,9
CALERO HIGH SCHOOL,San Jose,Santa Clara,10,,
CALEXICO HIGH SCHOOL,Calexico,Imperial,83,65,50
CALIFORNIA ACAD MATH & SCIENCE,Carson,Los Angeles,143,105,55
CALIFORNIA CITY HIGH SCHOOL,California City,Kern,9,5,
CALIFORNIA CONNECTIONS ACD RPN,Ripon,San Joaquin,14,9,3
CALIFORNIA HIGH SCHOOL,San Ramon,Contra Costa,277,185,97
CALIFORNIA HIGH SCHOOL,Whittier,Los Angeles,136,80,34
CALIFORNIA MILITARY INSTITUTE,Perris,Riverside,28,14,8
CALIFORNIA PACIFIC CHARTR SAN DIEG,Costa Mesa,Orange,,,
CALIFORNIA PREP SUTTER 8-12,Ontario,San Bernardino,,,
CALIFORNIA PREPARATORY ACADEMY,San Juan Capistrano,Orange,10,4,
CALIFORNIA STEAM SAN BERNARDINO,Ontario,San Bernardino,,,
CALIFORNIA STEAM SONOMA II,Guerneville,Sonoma,,,
CALIFORNIA VIRT ACDMY-MARICOPA,Simi Valley,Ventura,,,
CALIFORNIA VIRTUAL ACAD SAN DIEGO,Simi Valley,Ventura,11,8,5
CALIFORNIA VIRTUAL ACAD SAN MATEO,Simi Valley,Ventura,10,3,
CALIFORNIA VIRTUAL ACAD SUTTER,Simi Valley,Ventura,,,
CALIFORNIA VIRTUAL ACADEMY LA,Simi Valley,Ventura,13,10,6
CALIFORNIA VIRTUAL ACD-LA HIGH,Simi Valley,Ventura,,,
CALIFORNIA VIRTUAL AT MARICOPA,Simi Valley,Ventura,,,
CALIFORNIA VIRTUAL-SAN JOAQUIN,Simi Valley,Ventura,6,4,3
CALIPATRIA HIGH SCHOOL,Calipatria,Imperial,6,4,3
CALISTOGA HIGH SCHOOL,Calistoga,Napa,9,6,4
CAMINO NUEVO HIGH SCHOOL NO 2,Los Angeles,Los Angeles,53,25,14
CAMINO NUEVO HIGH SCHOOL,Los Angeles,Los Angeles,47,20,11
CAMPO HIGH SCHOOL,Pine Valley,San Diego,,,
CAMPOLINDO HIGH SCHOOL,Moraga,Contra Costa,177,125,59
CANOGA PARK HIGH SCHOOL,Canoga Park,Los Angeles,49,25,9
CANYON CREST ACADEMY,San Diego,San Diego,469,357,149
CANYON HIGH SCHOOL,Anaheim,Orange,210,143,97
CANYON HIGH SCHOOL,Canyon Country,Los Angeles,80,45,27
CANYON HILLS HIGH SCHOOL,San Diego,San Diego,105,70,38
CANYON SPRINGS HIGH SCHOOL,Moreno Valley,Riverside,97,49,34
CAPISTRANO VALLEY HIGH SCHOOL,Mission Viejo,Orange,144,93,49
CAPITAL CITY SCHOOL,Sacramento,Sacramento,,,
CAPUCHINO HIGH SCHOOL,San Bruno,San Mateo,71,43,22
CARLMONT HIGH SCHOOL,Belmont,San Mateo,278,163,87
CARLSBAD HIGH SCHOOL,Carlsbad,San Diego,137,85,42
CARLSBAD SEASIDE ACADEMY,Carlsbad,San Diego,5,3,
CARLSON HOME/HOSPITAL SCHOOL,North Hollywood,Los Angeles,,,
CARMEL HIGH SCHOOL,Carmel,Monterey,71,44,22
CARPINTERIA HIGH SCHOOL,Carpinteria,Santa Barbara,37,20,11
CARSON HIGH SCHOOL,Carson,Los Angeles,60,29,17
CARUTHERS HIGH SCHOOL,Caruthers,Fresno,18,10,5
CASA GRANDE HIGH SCHOOL,Petaluma,Sonoma,72,39,22
CASA ROBLE FUNDAMENTAL HS,Orangevale,Sacramento,17,11,8
CASTLE PARK HIGH SCHOOL,Chula Vista,San Diego,55,40,19
CASTLEMONT HIGH SCHOOL,Oakland,Alameda,22,5,3
CASTRO VALLEY EVENING HIGH SCHOOL,Castro Valley,Alameda,,,
CASTRO VALLEY HIGH SCHOOL,Castro Valley,Alameda,246,169,102
CATCH PREP CHARTER HIGH,Los Angeles,Los Angeles,15,10,
CATHEDRAL CITY HIGH SCHOOL,Cathedral City,Riverside,69,41,22
CEIBA COLLEGE PREPARATORY ACAD,Watsonville,Santa Cruz,22,10,6
CENTENNIAL HIGH SCHOOL,Bakersfield,Kern,54,31,15
CENTENNIAL HIGH SCHOOL,Compton,Los Angeles,53,21,9
CENTENNIAL HIGH SCHOOL,Corona,Riverside,231,145,72
CENTER HIGH SCHOOL,Antelope,Sacramento,33,19,8
CENTRAL CITY VALUE HIGH SCHOOL,Los Angeles,Los Angeles,52,27,11
CENTRAL COAST NEW TECH HIGH SC,Nipomo,San Luis Obispo,15,8,5
CENTRAL EAST HIGH SCHOOL,Fresno,Fresno,68,47,23
CENTRAL HIGH SCHOOL,Barstow,San Bernardino,,,
CENTRAL UNION HIGH SCHOOL,El Centro,Imperial,55,31,19
CENTRAL VALLEY HIGH SCHOOL,Shasta Lake,Shasta,,,
CENTRAL VALLEY HIGH SCHOOL,Ceres,Stanislaus,57,44,25
CENTURY ACADEMY,Thousand Oaks,Ventura,,,
CENTURY HIGH SCHOOL,Santa Ana,Orange,100,57,30
CERES HIGH SCHOOL,Ceres,Stanislaus,51,41,25
CERRITOS HIGH SCHOOL,Cerritos,Los Angeles,228,155,98
CESAR CHAVEZ HIGH SCHOOL,Stockton,San Joaquin,67,34,12
CESAR CHAVEZ LA ARTES MAGNET,San Fernando,Los Angeles,19,12,7
CESAR E CHAVEZ HIGH SCHOOL,Delano,Kern,49,41,19
CHAFFEY DISTRICT ONLINE HS,Ontario,San Bernardino,10,5,
CHAFFEY HIGH SCHOOL,Ontario,San Bernardino,100,67,28
CHANNEL ISLANDS HIGH SCHOOL,Oxnard,Ventura,73,35,16
CHAPARRAL HIGH SCHOOL,Temecula,Riverside,150,95,66
CHARTER COMMUNITY SCHOOL,Placerville,El Dorado,,,
CHARTER HS ARTS MEDIA PERFORM,Van Nuys,Los Angeles,47,29,13
CHARTER OAK HIGH SCHOOL,Covina,Los Angeles,56,38,16
CHARTER SCHOOL OF SAN DIEGO,San Diego,San Diego,12,7,5
CHATSWORTH HIGH SCHOOL,Chatsworth,Los Angeles,57,30,14
CHESTER HIGH SCHOOL,Chester,Plumas,,,
CHICO SENIOR HIGH SCHOOL,Chico,Butte,62,40,16
CHINO HIGH SCHOOL,Chino,San Bernardino,63,32,18
CHINO HILLS HIGH SCHOOL,Chino Hills,San Bernardino,196,129,76
CHOICES CHARTER SCHOOL,Sacramento,Sacramento,,,
CHOWCHILLA UNION HIGH SCHOOL,Chowchilla,Madera,30,22,15
CHRISTOPHER HIGH SCHOOL,Gilroy,Santa Clara,79,54,25
CHULA VISTA ADULT SCHOOL,Chula Vista,San Diego,,,
CHULA VISTA LRNG CMNTY CHARTER,Chula Vista,San Diego,68,50,29
CHULA VISTA SENIOR HIGH SCHOOL,Chula Vista,San Diego,104,52,35
CIRCLE OF INDEPENDENT LEARNING,Fremont,Alameda,10,7,5
CIS ACADEMY,Pasadena,Los Angeles,,,
CITRUS HILL HIGH SCHOOL,Perris,Riverside,153,95,57
CITRUS VALLEY HIGH SCHOOL,Redlands,San Bernardino,101,61,40
CITY ARTS AND LEADERSHIP ACADEMY,San Francisco,San Francisco,22,14,5
CITY HEIGHTS PREP CHARTER SCHL,San Diego,San Diego,,,
CITY HONORS HIGH SCHOOL,Inglewood,Los Angeles,26,13,4
CITY OF ANGELS SCHOOL,Los Angeles,Los Angeles,7,4,
CLAIREMONT HIGH SCHOOL,San Diego,San Diego,48,24,13
CLAREMONT HIGH SCHOOL,Claremont,Los Angeles,207,138,68
CLARK MAGNET HIGH SCHOOL,La Crescenta,Los Angeles,66,32,18
CLASSICAL ACADEMY HIGH SCHOOL,Escondido,San Diego,52,33,23
CLAYTON VALLEY HIGH SCHOOL,Concord,Contra Costa,135,84,52
CLEAR LAKE HIGH SCHOOL,Lakeport,Lake,17,9,4
CLEVELAND HIGH SCHOOL,Reseda,Los Angeles,202,139,72
CLOVERDALE HIGH SCHOOL,Cloverdale,Sonoma,7,5,
CLOVIS EAST HIGH SCHOOL,Clovis,Fresno,65,45,25
CLOVIS HIGH SCHOOL,Clovis,Fresno,47,38,19
CLOVIS NORTH HIGH SCHOOL,Fresno,Fresno,127,76,32
CLOVIS ONLINE SCHOOL,Clovis,Fresno,,,
CLOVIS WEST HIGH SCHOOL,Fresno,Fresno,78,36,20
COACHELLA VALLEY HIGH SCHOOL,Thermal,Riverside,95,50,23
COALINGA HIGH SCHOOL,Coalinga,Fresno,16,11,7
COAST HIGH SCHOOL,Huntington Beach,Orange,,,
COAST UNION HIGH SCHOOL,Cambria,San Luis Obispo,7,6,
COASTAL ACADEMY HS OCEANSIDE,Oceanside,San Diego,,,
COBALT INSTITUTE MATH/SCIENCE,Victorville,San Bernardino,39,16,8
COLD STREAM ALTERNATIVE SCHOOL,Truckee,Placer,,,
COLEVILLE HIGH SCHOOL,Coleville,Mono,,,
COLFAX HIGH SCHOOL,Colfax,Placer,28,14,6
COLISEUM COLLEGE PREP ACADEMY,Oakland,Alameda,37,27,15
COLLEGE BRIDGE ACADEMY,Los Angeles,Los Angeles,,,
COLLEGE PARK HIGH SCHOOL,Pleasant Hill,Contra Costa,115,68,32
COLLEGIATE CHARTER HIGH SCHOOL,Los Angeles,Los Angeles,20,13,5
COLONY HIGH SCHOOL,Ontario,San Bernardino,100,54,31
COLTON HIGH SCHOOL,Colton,San Bernardino,60,27,17
COLUSA HIGH SCHOOL,Colusa,Colusa,7,4,
COMMUNITY COLLAB - CALPAC,Newport Beach,Orange,,,
COMMUNITY COLLAB SAGE OAK,Redlands,San Bernardino,,,
COMPASS CHARTER SCHL SAN DIEGO,Thousand Oaks,Ventura,,,
COMPASS CHARTER SCHLS OF LA,Thousand Oaks,Ventura,,,
COMPTON EARLY COLLEGE HIGH SCH,Compton,Los Angeles,47,23,14
COMPTON SENIOR HIGH SCHOOL,Compton,Los Angeles,79,36,19
CONCORD HIGH SCHOOL,Concord,Contra Costa,71,42,23
CONDOR HIGH SCHOOL,Oxnard,Ventura,,,
CONNECTING WATERS - EAST BAY,Waterford,Stanislaus,,,
CONNECTING WATERS CHARTER SCH,Waterford,Stanislaus,9,5,
CONSERVATORY VOCAL/INSTRM ARTS,Oakland,Alameda,,,
CONTRA COSTA SCH PRFRMING ARTS,Walnut Creek,Contra Costa,,,
CORCORAN HIGH SCHOOL,Corcoran,Kings,32,18,
CORDOVA HIGH SCHOOL,Rancho Cordova,Sacramento,34,25,11
CORE BUTTE CHARTER SCHOOL,Chico,Butte,,,
CORE CHARTER SCHOOL,Marysville,Yuba,,,
CORE PLACER CHARTER SCHOOL,Colfax,Placer,,,
CORNING UNION HIGH SCHOOL,Corning,Tehama,13,7,3
CORONA DEL MAR HIGH SCHOOL,Newport Beach,Orange,203,113,53
CORONA HIGH SCHOOL,Corona,Riverside,127,60,36
CORONADO ADULT HIGH SCHOOL,Coronado,San Diego,,,
CORONADO HIGH SCHOOL,Coronado,San Diego,109,63,27
COSTA MESA HIGH SCHOOL,Costa Mesa,Orange,50,29,14
COSUMNES OAKS HIGH SCHOOL,Elk Grove,Sacramento,129,90,52
COVINA HIGH SCHOOL,Covina,Los Angeles,63,31,19
CRAWFORD HIGH SCHOOL,San Diego,San Diego,48,30,12
CREATIVE CONNECTIONS ARTS ACAD,North Highlands,Sacramento,,,
CREDO HIGH SCHOOL,Rohnert Park,Sonoma,9,5,5
CRENSHAW HIGH SCHOOL,Los Angeles,Los Angeles,34,15,10
CRESCENT VALLEY PUBLIC CHAR II,Visalia,Tulare,,,
CRESCENT VIEW WEST CHARTER SCH,Fresno,Fresno,,,
CRESCENTA VALLEY HIGH SCHOOL,La Crescenta,Los Angeles,263,173,89
CRITICAL DESIGN AND GAMING SCH,Los Angeles,Los Angeles,43,8,3
CULVER CITY HIGH SCHOOL,Culver City,Los Angeles,176,105,55
CUPERTINO HIGH SCHOOL,Cupertino,Santa Clara,397,300,149
CYPRESS HIGH SCHOOL,Cypress,Orange,235,140,86
CYPRESS HIGH SCHOOL,Santa Cruz,Santa Cruz,,,
DA VINCI CHARTER ACADEMY,Davis,Yolo,24,16,9
DA VINCI COMMUNICATIONS HS,El Segundo,Los Angeles,26,7,
DA VINCI DESIGN HIGH SCHOOL,El Segundo,Los Angeles,21,10,4
DA VINCI SCIENCE HIGH SCHOOL,El Segundo,Los Angeles,34,25,14
DANA HILLS HIGH SCHOOL,Dana Point,Orange,175,103,50
DANIEL PEARL MAGNET HIGH SCHL,Van Nuys,Los Angeles,31,16,9
DAV STARR JORDAN HIGH SCHOOL,Long Beach,Los Angeles,104,49,19
DAVID STARR JORDAN HS,Los Angeles,Los Angeles,22,7,3
DAVIS SCHOOL INDEPENDENT STUDY,Davis,Yolo,,,
DAVIS SENIOR HIGH SCHOOL,Davis,Yolo,294,206,111
DE ANZA HIGH SCHOOL,Richmond,Contra Costa,83,59,35
DEER VALLEY HIGH SCHOOL,Antioch,Contra Costa,58,41,27
DEL CAMPO HIGH SCHOOL,Fair Oaks,Sacramento,33,19,13
DEL LAGO ACADEMY,Escondido,San Diego,78,38,29
DEL MAR HIGH SCHOOL,San Jose,Santa Clara,50,25,15
DEL NORTE COUNTY HIGH SCHOOL,Crescent City,Del Norte,11,3,
DEL NORTE HIGH SCHOOL,San Diego,San Diego,253,184,85
DEL ORO HIGH SCHOOL,Loomis,Placer,62,45,20
DELANO HIGH SCHOOL,Delano,Kern,39,28,9
DELHI HIGH SCHOOL,Delhi,Merced,45,30,11
DELTA CHARTER HIGH SCHOOL,Tracy,San Joaquin,,,
DELTA CHARTER ONLINE,Tracy,San Joaquin,,,
DELTA HIGH SCHOOL,Clarksburg,Yolo,6,3,
DENAIR HIGH SCHOOL,Denair,Stanislaus,6,4,3
DESERT HIGH SCHOOL,Edwards,Kern,14,11,8
DESERT HOT SPRINGS HS,Desert Hot Springs,Riverside,63,34,16
DESERT MIRAGE HIGH SCHOOL,Thermal,Riverside,82,48,17
DESIGN SCIENCE MIDDLE COLG HS,Fresno,Fresno,54,48,28
DESIGN TECH HIGH SCHOOL,Redwood City,San Mateo,64,43,22
DEWEY HIGH SCHOOL,Oakland,Alameda,,,
DIAMOND BAR HIGH SCHOOL,Diamond Bar,Los Angeles,471,354,214
DIAMOND RANCH HIGH SCHOOL,Pomona,Los Angeles,102,62,24
DIAMOND TECHNOLOGY INSTITUTE,Watsonville,Santa Cruz,,,
DIEGO HILLS CENTRAL PUBLIC CHARTER,San Diego,San Diego,,,
DIEGO RIVERA COMM/TECH SCHOOL,Los Angeles,Los Angeles,24,12,
DINUBA HIGH SCHOOL,Dinuba,Tulare,51,34,11
DISCOVERY CHARTER PREP SCHOOL,Sylmar,Los Angeles,34,15,3
DIXON HIGH SCHOOL,Dixon,Solano,50,30,17
DOMINGUEZ SENIOR HIGH SCHOOL,Compton,Los Angeles,100,44,16
DON ANTONIO LUGO HIGH SCHOOL,Chino,San Bernardino,66,38,18
DOS PALOS HIGH SCHOOL,Dos Palos,Merced,15,11,4
DOS PUEBLOS HIGH SCHOOL,Goleta,Santa Barbara,189,137,68
DOUGHERTY VALLEY HIGH SCHOOL,San Ramon,Contra Costa,538,386,203
DOWNEY HIGH SCHOOL,Downey,Los Angeles,194,98,52
DOWNTOWN COLG PREP EL PRIMERO,San Jose,Santa Clara,38,21,10
DOWNTOWN COLLEGE PREP ALUM ROC,San Jose,Santa Clara,19,11,6
DOWNTOWN MAGNETS HIGH SCHOOL,Los Angeles,Los Angeles,90,67,34
DOZIER-LIBBEY MEDICAL HIGH SCH,Antioch,Contra Costa,28,11,6
DR MAYA ANGELOU COMMUNITY HS,Los Angeles,Los Angeles,46,26,12
DR RICHARD VLADOVIC HARBOR ACA,Wilmington,Los Angeles,106,59,33
DR TJ OWENS GILROY EARLY COLG,Gilroy,Santa Clara,45,26,15
DUARTE HIGH SCHOOL,Duarte,Los Angeles,31,19,11
DUBLIN HIGH SCHOOL,Dublin,Alameda,304,218,116
DUNCAN POLYTECHNICAL HS,Fresno,Fresno,24,11,4
DURHAM HIGH SCHOOL,Durham,Butte,7,4,
E3 CIVIC HIGH,San Diego,San Diego,28,16,10
EAGLE ROCK HIGH SCHOOL,Los Angeles,Los Angeles,135,88,39
EARLY COLLEGE HIGH SCHOOL,Costa Mesa,Orange,30,16,11
EAST BAKERSFIELD HIGH SCHOOL,Bakersfield,Kern,60,36,14
EAST BAY ARTS,Hayward,Alameda,6,3,
EAST COLLEGE PREP,Los Angeles,Los Angeles,47,28,19
EAST LA PERFORMING ARTS MAGNET,Los Angeles,Los Angeles,28,9,3
EAST LA RENAISSANCE ACADEMY,Los Angeles,Los Angeles,23,6,4
EAST NICOLAUS HIGH SCHOOL,Trowbridge,Sutter,8,6,
EAST PALO ALTO ACADEMY,East Palo Alto,San Mateo,19,8,6
EAST UNION EVENING HIGH SCHOOL,Manteca,San Joaquin,,,
EAST UNION HIGH SCHOOL,Manteca,San Joaquin,53,31,12
EAST VALLEY HIGH SCHOOL,North Hollywood,Los Angeles,26,12,5
EAST VILLAGE MIDDLE COLLEGE HS,San Diego,San Diego,5,,
EASTLAKE HIGH SCHOOL,Chula Vista,San Diego,212,124,75
EASTSIDE HIGH SCHOOL,Lancaster,Los Angeles,97,55,30
EDGEWOOD HIGH SCHOOL,West Covina,Los Angeles,47,26,15
EDISON HIGH SCHOOL,Fresno,Fresno,122,81,24
EDISON HIGH SCHOOL,Huntington Beach,Orange,122,68,31
EDISON SENIOR HIGH SCHOOL,Stockton,San Joaquin,50,32,16
EDUCATIONAL PARTNERSHIP HS,Long Beach,Los Angeles,,,
EDWARD C MERLO INSTITUTE,Stockton,San Joaquin,,,
EDWARD R ROYBAL LEARNING CNTR,Los Angeles,Los Angeles,53,24,12
EISENHOWER HIGH SCHOOL,Rialto,San Bernardino,80,36,24
EL CAJON VALLEY HIGH SCHOOL,El Cajon,San Diego,84,48,21
EL CAMINO FUNDAMENTAL HS,Sacramento,Sacramento,54,29,17
EL CAMINO HIGH SCHOOL,Oceanside,San Diego,143,91,41
EL CAMINO HIGH SCHOOL,Ventura,Ventura,11,7,5
EL CAMINO HIGH,South San Francisco,San Mateo,89,51,26
EL CAMINO REAL CHARTER HIGH SC,Woodland Hills,Los Angeles,212,134,80
EL CAPITAN HIGH SCHOOL,Lakeside,San Diego,42,19,12
EL CAPITAN HIGH SCHOOL,Merced,Merced,114,74,56
EL CERRITO HIGH SCHOOL,El Cerrito,Contra Costa,112,80,46
EL DIAMANTE HIGH SCHOOL,Visalia,Tulare,40,28,15
EL DORADO HIGH SCHOOL,Placentia,Orange,97,63,34
EL DORADO HIGH SCHOOL,Placerville,El Dorado,31,15,10
EL MODENA HIGH SCHOOL,Orange,Orange,114,66,35
EL MOLINO HIGH SCHOOL,Forestville,Sonoma,27,13,7
EL MONTE HIGH SCHOOL,El Monte,Los Angeles,104,76,42
EL RANCHO HIGH SCHOOL,Pico Rivera,Los Angeles,79,45,25
EL SEGUNDO HIGH SCHOOL,El Segundo,Los Angeles,97,54,26
EL SERENO HIGH SCHOOL,Fair Oaks,Sacramento,,,
EL TORO HIGH SCHOOL,Lake Forest,Orange,86,50,30
ELEANOR ROOSEVELT HIGH SCHOOL,Eastvale,Riverside,288,170,107
ELIZABETH LEARNING CENTER,Cudahy,Los Angeles,34,17,10
ELK CREEK JUNIOR-SENIOR HS,Elk Creek,Glenn,,,
ELK GROVE HIGH SCHOOL,Elk Grove,Sacramento,65,32,17
ELSIE ALLEN HIGH SCHOOL,Santa Rosa,Sonoma,10,5,
ELSINORE HIGH SCHOOL,Wildomar,Riverside,53,40,25
EMERY SECONDARY SCHOOL,Emeryville,Alameda,10,6,3
EMPIRE SPRINGS CHARTER SCHOOL,Temecula,Riverside,,,
ENCINA HIGH SCHOOL,Sacramento,Sacramento,,,
ENCINAL HIGH SCHOOL,Alameda,Alameda,75,57,36
ENCORE HS FOR THE ARTS - RIVER,Riverside,Riverside,16,10,5
ENCORE JR/SR HIGH SCHOOL,Hesperia,San Bernardino,20,9,5
ENGINEERING & TECH ACAD AT THS,Los Angeles,Los Angeles,8,6,
ENTERPRISE HIGH SCHOOL,Redding,Shasta,21,13,6
ENVIRON/SOC POLICY MAGNET HS,Los Angeles,Los Angeles,,,
ENVIRONMENTAL CHARTER HS,Lawndale,Los Angeles,66,47,23
ENVISION ACAD ARTS/TECHNOLOGY,Oakland,Alameda,22,12,8
ERNEST RIGHETTI HIGH SCHOOL,Santa Maria,Santa Barbara,66,37,19
ERNEST S MCBRIDE SR HIGH SCHL,Long Beach,Los Angeles,87,48,19
ESCALON HIGH SCHOOL,Escalon,San Joaquin,14,11,3
ESCONDIDO CHARTER HIGH SCHOOL,Escondido,San Diego,36,23,11
ESCONDIDO HIGH SCHOOL,Escondido,San Diego,114,54,25
ESPARTO HIGH SCHOOL,Esparto,Yolo,,,
ESPERANZA HIGH SCHOOL,Anaheim,Orange,67,42,26
ESTANCIA HIGH SCHOOL,Costa Mesa,Orange,40,21,9
ETIWANDA HIGH SCHOOL,Etiwanda,San Bernardino,185,116,76
ETNA UNION HIGH SCHOOL,Etna,Siskiyou,,,
EUREKA SENIOR HIGH SCHOOL,Eureka,Humboldt,27,16,9
EVEREST PUBLIC HIGH SCHOOL,Redwood City,San Mateo,44,29,15
EVERETT ALVAREZ HIGH SCHOOL,Salinas,Monterey,110,64,34
EVERGREEN VALLEY HIGH SCHOOL,San Jose,Santa Clara,373,250,134
EXCELSIOR CHARTER SCHOOLS,Victorville,San Bernardino,32,15,7
EXETER UNION HIGH SCHOOL,Exeter,Tulare,19,14,9
FAIRFAX HIGH SCHOOL,Los Angeles,Los Angeles,111,67,33
FAIRFIELD HIGH SCHOOL,Fairfield,Solano,26,17,5
FALL RIVER JUNIOR-SENIOR HS,Mcarthur,Shasta,,,
FALLBROOK UNION HIGH SCHOOL,Fallbrook,San Diego,38,28,14
FARMERSVILLE HIGH SCHOOL,Farmersville,Tulare,27,16,
FEATHER RIVER CHARTER SCHOOL,Merdian,Sutter,,,
FELICITAS GONZALO MENDEZ HS,Los Angeles,Los Angeles,81,50,20
FERNDALE HIGH SCHOOL,Ferndale,Humboldt,,,
FILLMORE HIGH SCHOOL,Fillmore,Ventura,40,33,14
FIREBAUGH HIGH SCHOOL,Firebaugh,Fresno,18,12,5
FLORIN HIGH SCHOOL,Sacramento,Sacramento,73,37,22
FLOYD B BUCHANAN HIGH SCHOOL,Clovis,Fresno,108,75,35
FOLSOM HIGH SCHOOL,Folsom,Sacramento,127,73,42
FONTANA HIGH SCHOOL,Fontana,San Bernardino,162,68,32
FOOTHILL HIGH SCHOOL,Bakersfield,Kern,46,32,16
FOOTHILL HIGH SCHOOL,Sacramento,Sacramento,25,15,9
FOOTHILL HIGH SCHOOL,Pleasanton,Alameda,248,175,93
FOOTHILL HIGH SCHOOL,Palo Cedro,Shasta,19,11,6
FOOTHILL HIGH SCHOOL,Santa Ana,Orange,164,90,49
FOOTHILL TECHNOLOGY HS,Ventura,Ventura,65,43,19
FOREST CHARTER SCHOOL,Nevada City,Nevada,11,5,3
FORESTHILL HIGH SCHOOL,Foresthill,Placer,,,
FORT BRAGG HIGH SCHOOL,Fort Bragg,Mendocino,18,15,7
FORTUNA UNION HIGH SCHOOL,Fortuna,Humboldt,28,18,7
FOSHAY LEARNING CENTER,Los Angeles,Los Angeles,77,43,10
FOUNTAIN VALLEY HIGH SCHOOL,Fountain Valley,Orange,291,198,128
FOWLER HIGH SCHOOL,Fowler,Fresno,39,25,15
FRANCISCO BRAVO MEDICAL MAGNET,Los Angeles,Los Angeles,169,105,54
FRANKLIN HIGH SCHOOL,Elk Grove,Sacramento,177,110,67
FRANKLIN HIGH SCHOOL,Stockton,San Joaquin,72,49,24
FRAZIER MOUNTAIN HIGH SCHOOL,Lebec,Kern,,,
FRED C BEYER HIGH SCHOOL,Modesto,Stanislaus,55,45,25
FREEDOM HIGH SCHOOL,Oakley,Contra Costa,71,47,25
FREEDOM HOME SCHOOL,Madera,Madera,,,
FREMONT ACD ENGINEERING/DESIGN,Pomona,Los Angeles,34,23,16
FREMONT HIGH SCHOOL,Oakland,Alameda,33,17,4
FREMONT HIGH SCHOOL,Sunnyvale,Santa Clara,138,107,50
FRESNO HIGH SCHOOL,Fresno,Fresno,58,42,12
FRONTIER HIGH SCHOOL,Bakersfield,Kern,55,32,20
FULLERTON UNION HIGH SCHOOL,Fullerton,Orange,87,51,25
FUTURES HIGH SCHOOL,Sacramento,Sacramento,,,
GABRIELINO HIGH SCHOOL,San Gabriel,Los Angeles,162,110,72
GAHR HIGH SCHOOL,Cerritos,Los Angeles,93,44,22
GALILEO ACAD OF SCIENCE & TECH,San Francisco,San Francisco,193,106,66
GALT HIGH SCHOOL,Galt,Sacramento,26,14,7
GANESHA HIGH SCHOOL,Pomona,Los Angeles,51,26,8
GARDEN GROVE HIGH SCHOOL,Garden Grove,Orange,155,110,65
GARDENA HIGH SCHOOL,Gardena,Los Angeles,51,28,9
GAREY HIGH SCHOOL,Pomona,Los Angeles,86,48,20
GATEWAY HIGH SCHOOL,San Francisco,San Francisco,56,33,20
GEORGE WASHINGTON CARVER SCHOO,Sacramento,Sacramento,7,6,
GEORGE WASHINGTON HIGH SCHOOL,San Francisco,San Francisco,217,124,82
GEORGE WASHINGTON PREPARATORY,Los Angeles,Los Angeles,33,12,6
GEYSERVILLE NEW TECH ACADEMY,Geyserville,Sonoma,,,
GILROY HIGH SCHOOL,Gilroy,Santa Clara,39,21,4
GLACIER HIGH SCHOOL CHARTER,Oakhurst,Madera,,,
GLADSTONE HIGH SCHOOL,Covina,Los Angeles,36,21,4
GLEN A WILSON HIGH SCHOOL,Hacienda Heights,Los Angeles,117,82,51
GLENDALE HIGH SCHOOL,Glendale,Los Angeles,94,51,31
GLENDORA HIGH SCHOOL,Glendora,Los Angeles,120,77,42
GOLD RUSH CHARTER SCHOOL,Sonora,Tuolumne,,,
GOLDEN EAGLE CHARTER SCHOOL,Mount Shasta,Siskiyou,,,
GOLDEN SIERRA HIGH SCHOOL,Garden Valley,El Dorado,8,5,4
GOLDEN VALLEY HIGH SCHOOL,Bakersfield,Kern,60,39,23
GOLDEN VALLEY HIGH SCHOOL,Merced,Merced,72,48,29
GOLDEN VALLEY HIGH SCHOOL,Santa Clarita,Los Angeles,83,47,19
GOLDEN WEST HIGH SCHOOL,Visalia,Tulare,17,7,4
GOMPERS PREPARATORY ACADEMY,San Diego,San Diego,99,44,27
GONZALES HIGH SCHOOL,Gonzales,Monterey,24,16,13
GORMAN LEARNING CENTER,Redlands,San Bernardino,,,
GRACE M DAVIS HIGH SCHOOL,Modesto,Stanislaus,32,26,14
GRANADA HIGH SCHOOL,Livermore,Alameda,148,86,45
GRANADA HILLS CHARTER HIGH SCH,Granada Hills,Los Angeles,423,288,139
GRAND TERRACE HIGH SCHOOL,Grand Terrace,San Bernardino,112,60,40
GRANITE BAY HIGH SCHOOL,Granite Bay,Placer,185,131,56
GRANITE HILLS HIGH SCHOOL,Apple Valley,San Bernardino,42,25,11
GRANITE HILLS HIGH SCHOOL,El Cajon,San Diego,51,31,12
GRANITE HILLS HIGH SCHOOL,Porterville,Tulare,21,13,3
GRANT HIGH SCHOOL,Sacramento,Sacramento,59,43,13
GREAT OAK HIGH SCHOOL,Temecula,Riverside,221,139,83
GREEN DESIGN STEAM ACADEMY,Los Angeles,Los Angeles,24,10,
GREENFIELD HIGH SCHOOL,Greenfield,Monterey,40,16,7
GREENVILLE HIGH SCHOOL,Greenville,Plumas,,,
GRETCHEN WHITNEY HIGH SCHOOL,Cerritos,Los Angeles,130,102,61
GRIDLEY HIGH SCHOOL,Gridley,Butte,14,10,4
GROSSMONT HIGH SCHOOL,El Cajon,San Diego,90,56,28
GROSSMONT MIDDLE COLLEGE HS,El Cajon,San Diego,12,7,5
GROVE HIGH SCHOOL,Redlands,San Bernardino,13,9,3
GUAJOME PARK ACADEMY,Vista,San Diego,26,11,8
GUSTINE HIGH SCHOOL,Gustine,Merced,10,6,4
HALF MOON BAY HIGH SCHOOL,Half Moon Bay,San Mateo,53,37,15
HALLMARK CHARTER SCHOOL,Sanger,Fresno,6,,
HAMILTON HIGH SCHOOL,Anza,Riverside,7,5,3
HAMILTON HUMANITIES MAGNET,Los Angeles,Los Angeles,,,
HAMILTON UNION HIGH SCHOOL,Hamilton City,Glenn,8,5,3
HANFORD HIGH SCHOOL,Hanford,Kings,24,20,6
HANFORD WEST HIGH SCHOOL,Hanford,Kings,15,12,8
HAPPY CAMP HIGH SCHOOL,Happy Camp,Siskiyou,,,
HARBOR HIGH SCHOOL,Santa Cruz,Santa Cruz,44,27,16
HARMONY MAGNET ACADEMY,Porterville,Tulare,28,18,12
HART RANSOM ACADEMIC CHARTER,Modesto,Stanislaus,,,
HAWTHORNE HIGH SCHOOL,Hawthorne,Los Angeles,90,48,23
HAWTHORNE MATH & SCIENCE ACAD,Hawthorne,Los Angeles,62,42,23
HAYFORK HIGH SCHOOL,Hayfork,Trinity,,,
HAYWARD HIGH SCHOOL,Hayward,Alameda,81,50,29
HAYWARD TWIN OAKS MONTESSORI,Hayward,Alameda,22,10,8
HEALDSBURG HIGH SCHOOL,Healdsburg,Sonoma,35,21,9
HEALTH CAREERS ACADEMY HS,Stockton,San Joaquin,31,21,12
HEALTH PROFESSIONS HIGH SCH,Sacramento,Sacramento,5,3,
HEALTH SCIENCES HIGH/MID COLL,San Diego,San Diego,42,22,14
HEARTHSTONE SCHOOL,Oroville,Butte,,,
HECTOR GODINEZ FUNDAMENTAL HS,Santa Ana,Orange,203,142,68
HELEN BERNSTEIN HIGH SCHOOL,Hollywood,Los Angeles,19,13,
HELIX HIGH SCHOOL,La Mesa,San Diego,173,106,48
HEMET HIGH SCHOOL,Hemet,Riverside,79,52,35
HENRY J KAISER HIGH SCHOOL,Fontana,San Bernardino,122,79,48
HENRY M GUNN SENIOR HIGH SCHL,Palo Alto,Santa Clara,330,218,83
HENRY T GUNDERSON HIGH SCHOOL,San Jose,Santa Clara,47,32,12
HERBERT HOOVER HIGH SCHOOL,Fresno,Fresno,44,23,4
HERBERT HOOVER HIGH SCHOOL,Glendale,Los Angeles,59,33,19
HERBERT HOOVER HIGH SCHOOL,San Diego,San Diego,165,94,55
HERCULES HIGH SCHOOL,Hercules,Contra Costa,54,30,19
HERITAGE HIGH SCHOOL,Brentwood,Contra Costa,106,61,32
HERITAGE HIGH SCHOOL,Menifee,Riverside,105,65,42
HERITAGE PEAK CHARTER SCHOOL,Rio Linda,Sacramento,,,
HESPERIA HIGH SCHOOL,Hesperia,San Bernardino,61,43,24
HIGH SCHOOL AT MOORPARK COLL,Moorpark,Ventura,5,3,
HIGH TECH HIGH - NORTH COUNTY,San Marcos,San Diego,39,28,15
HIGH TECH HIGH CHULA VISTA,Chula Vista,San Diego,82,58,36
HIGH TECH HIGH INTERNATIONAL,San Diego,San Diego,43,25,16
HIGH TECH HIGH LA,Van Nuys,Los Angeles,51,26,16
HIGH TECH HIGH MEDIA ARTS,San Diego,San Diego,51,28,13
HIGH TECH HIGH SCHOOL,San Diego,San Diego,69,42,18
HIGHLAND HIGH SCHOOL,Bakersfield,Kern,44,25,14
HIGHLAND HIGH SCHOOL,Palmdale,Los Angeles,89,51,25
HIGHLANDS HIGH SCHOOL,North Highlands,Sacramento,17,12,6
HILDA L SOLIS LEARNING ACDMY,Los Angeles,Los Angeles,16,12,5
HILLCREST HIGH SCHOOL,Riverside,Riverside,114,60,37
HILLSDALE HIGH SCHOOL,San Mateo,San Mateo,107,68,36
HILLTOP HIGH SCHOOL,Chula Vista,San Diego,91,53,36
HILMAR HIGH SCHOOL,Hilmar,Merced,13,7,4
HIRAM W JOHNSON HIGH SCHOOL,Sacramento,Sacramento,32,17,8
HOLLISTER HIGH SCHOOL,Hollister,San Benito,91,48,25
HOLLYWOOD HIGH SCHOOL,Los Angeles,Los Angeles,126,66,34
HOLLYWOOD MEDIA ARTS ACADEMY,Los Angeles,Los Angeles,,,
HOLTVILLE HIGH SCHOOL,Holtville,Imperial,11,6,5
HOMESTEAD HIGH SCHOOL,Cupertino,Santa Clara,314,223,105
HOOPA VALLEY HIGH SCHOOL,Hoopa,Humboldt,,,
HORIZON CHARTER SCHOOL,Lincoln,Placer,,,
HORIZON SCHOOL,La Quinta,Riverside,,,
HORIZONS SCH CTR INDPNDT STUDY,Pleasant Hill,Contra Costa,,,
HUENEME HIGH SCHOOL,Oxnard,Ventura,70,47,30
HUGHSON HIGH SCHOOL,Hughson,Stanislaus,15,9,4
HUMANITAS ACADEMY ART AND TECH,Los Angeles,Los Angeles,28,17,10
HUMANITIES AND ARTS ACADEMY-LA,Harbor City,Los Angeles,20,9,6
HUNTINGTON BEACH HIGH SCHOOL,Huntington Beach,Orange,174,99,53
HUNTINGTON PARK HIGH SCHOOL,Huntington Park,Los Angeles,56,26,17
HUNTINGTON PARK INST APLD MED,Huntington Park,Los Angeles,64,28,10
IHIGH VIRTUAL ACADEMY,San Diego,San Diego,5,3,
ILEAD HYBRID,Acton,Los Angeles,,,
ILEAD ONLINE CHARTER SCHOOL,Acton,Los Angeles,,,
IMPACT ACAD ARTS/TECHNOLOGY,Hayward,Alameda,35,17,8
IMPERIAL HIGH SCHOOL,Imperial,Imperial,47,32,13
INDEPENDENCE HIGH SCHOOL,Roseville,Placer,,,
INDEPENDENCE HIGH SCHOOL,San Francisco,San Francisco,5,3,
INDEPENDENCE HIGH SCHOOL,San Jose,Santa Clara,164,97,53
INDEPENDENCE HIGH SCHOOL,Brentwood,Contra Costa,,,
INDEPENDENCE HIGH SCHOOL,Bakersfield,Kern,41,21,7
INDEPENDENCE SCHOOL,Lodi,San Joaquin,,,
INDERKUM HIGH SCHOOL,Sacramento,Sacramento,129,68,40
INDIAN SPRINGS HIGH SCHOOL,San Bernardino,San Bernardino,67,41,12
INDIO HIGH SCHOOL,Indio,Riverside,104,50,25
INGENUITY CHARTER SCHOOL,San Diego,San Diego,,,
INGLEWOOD HIGH SCHOOL,Inglewood,Los Angeles,29,16,9
INSPIRE CHARTER SCHOOL,Duarte,Los Angeles,,,
INSPIRE SCHOOL OF ARTS AND SCI,Chico,Butte,14,12,8
INTERNATIONAL POLYTECHNIC HS,Pomona,Los Angeles,60,39,21
INTERNATIONAL STUDIES LEARNING,South Gate,Los Angeles,33,26,12
IQ ACADEMY CALIFORNIA-LA,Simi Valley,Ventura,,,
IRVINE HIGH SCHOOL,Irvine,Orange,228,165,87
IRVINGTON HIGH SCHOOL,Fremont,Alameda,303,227,128
IVY ACADEMIA,Woodland Hills,Los Angeles,16,6,
J E YOUNG ACADEMIC CENTER,Fresno,Fresno,,,
JAMES A GARFIELD HIGH SCHOOL,Los Angeles,Los Angeles,195,142,69
JAMES C ENOCHS HIGH SCHOOL,Modesto,Stanislaus,89,61,29
JAMES LICK HIGH SCHOOL,San Jose,Santa Clara,43,25,11
JAMES LOGAN HIGH SCHOOL,Union City,Alameda,232,148,84
JAMES MADISON HIGH SCHOOL,San Diego,San Diego,40,25,7
JAMES MONROE HIGH SCHOOL,North Hills,Los Angeles,60,40,15
JEFFERSON HIGH SCHOOL,Daly City,San Mateo,50,31,19
JESSE M BETHEL HIGH SCHOOL,Vallejo,Solano,60,27,17
JOHANSEN HIGH SCHOOL,Modesto,Stanislaus,32,22,9
JOHN A ROWLAND HIGH SCHOOL,Rowland Heights,Los Angeles,163,110,72
JOHN ADAMS ACADEMY,Roseville,Placer,9,6,
JOHN BURROUGHS HIGH SCHOOL,Burbank,Los Angeles,162,109,63
JOHN C FREMONT HIGH SCHOOL,Los Angeles,Los Angeles,72,40,16
JOHN C KIMBALL HIGH SCHOOL,Tracy,San Joaquin,56,36,21
JOHN F KENNEDY HIGH SCHOOL,La Palma,Orange,183,104,56
JOHN F KENNEDY HIGH SCHOOL,Fremont,Alameda,77,51,32
JOHN F KENNEDY HIGH SCHOOL,Granada Hills,Los Angeles,93,46,22
JOHN F KENNEDY HIGH SCHOOL,Richmond,Contra Costa,15,11,10
JOHN F KENNEDY HIGH SCHOOL,Sacramento,Sacramento,125,88,47
JOHN F KENNEDY MIDDLE COLG HS,Norco,Riverside,87,46,29
JOHN GLENN HIGH SCHOOL,Norwalk,Los Angeles,44,23,7
JOHN H FRANCIS POLYTECHNIC HS,Sun Valley,Los Angeles,165,104,57
JOHN H PITMAN HIGH SCHOOL,Turlock,Stanislaus,86,63,38
JOHN HENRY HIGH SCHOOL,Richmond,Contra Costa,22,16,10
JOHN MARSHALL FUNDAMENTAL SCH,Pasadena,Los Angeles,109,71,33
JOHN MARSHALL HIGH SCHOOL,Los Angeles,Los Angeles,247,165,86
JOHN MUIR HIGH SCHOOL,Pasadena,Los Angeles,50,27,15
JOHN O'CONNELL HIGH SCHOOL,San Francisco,San Francisco,20,9,4
JOHN SWETT HIGH SCHOOL,Crockett,Contra Costa,21,13,7
JOHN W NORTH HIGH SCHOOL,Riverside,Riverside,157,92,56
JOSEPH A GREGORI HIGH SCHOOL,Modesto,Stanislaus,80,46,30
JUAN RODRIGUEZ CABRILLO HS,Long Beach,Los Angeles,88,43,13
JULIAN CHARTER SCHOOL,Julian,San Diego,,,
JULIAN UNION HIGH SCHOOL,Julian,San Diego,,,
JUNE JORDAN SCHOOL FOR EQUITY,San Francisco,San Francisco,17,10,3
JURUPA HILLS HIGH SCHOOL,Fontana,San Bernardino,82,51,29
JURUPA VALLEY HIGH SCHOOL,Mira Loma,Riverside,52,37,18
KATELLA HIGH SCHOOL,Anaheim,Orange,114,53,27
KEARNY COLLEGE CONNECTIONS,San Diego,San Diego,21,14,8
KEARNY DIGITAL MEDIA & DESIGN,San Diego,San Diego,10,10,7
KEARNY ENG INNOV & DESIGN,San Diego,San Diego,11,5,3
KEARNY SCH BIOMED SCIENCE TECH,San Diego,San Diego,21,12,10
KEITH MCCARTHY ACADEMY,Lake Elsinore,Riverside,,,
KELSEYVILLE HIGH SCHOOL,Kelseyville,Lake,16,10,4
KERMAN HIGH SCHOOL,Kerman,Fresno,37,27,7
KERN VALLEY HIGH SCHOOL,Lake Isabella,Kern,,,
KING CHAVEZ COMMUNITY HIGH SCH,San Diego,San Diego,24,11,5
KING CITY JOINT UNION HS,King City,Monterey,28,17,8
KING DREW MAGNET HS MED/SCI,Los Angeles,Los Angeles,152,97,55
KINGS VALLEY ACADEMY II,Hanford,Kings,,,
KINGSBURG HIGH SCHOOL,Kingsburg,Fresno,35,24,8
KIPP KING COLLEGIATE HIGH SCH,San Lorenzo,Alameda,86,69,37
KIPP SAN FRANCISCO COLG PREP,San Francisco,San Francisco,24,18,10
KIPP SAN JOSE COLLEGIATE,San Jose,Santa Clara,60,51,19
KONOCTI EDUCATION CENTER SCHL,Clear Lake,Lake,,,
LA CANADA HIGH SCHOOL,La Canada,Los Angeles,204,134,61
LA CENTER ENRICHED STUDIES,Los Angeles,Los Angeles,122,89,32
LA COSTA CANYON HIGH SCHOOL,Carlsbad,San Diego,159,84,44
LA HABRA HIGH SCHOOL,La Habra,Orange,69,43,19
LA JOLLA HIGH,La Jolla,San Diego,187,121,63
LA MIRADA HIGH SCHOOL,La Mirada,Los Angeles,83,39,25
LA PUENTE HIGH SCHOOL,La Puente,Los Angeles,65,40,14
LA QUINTA HIGH SCHOOL,La Quinta,Riverside,126,76,41
LA QUINTA HIGH SCHOOL,Westminster,Orange,240,181,107
LA SERNA HIGH SCHOOL,Whittier,Los Angeles,149,71,32
LA SIERRA HIGH SCHOOL,Carmichael,Sacramento,,,
LA SIERRA HIGH SCHOOL,Riverside,Riverside,106,50,32
LAGUNA BEACH HIGH SCHOOL,Laguna Beach,Orange,113,56,22
LAGUNA CREEK HIGH SCHOOL,Elk Grove,Sacramento,101,65,33
LAGUNA HILLS HIGH SCHOOL,Laguna Hills,Orange,86,40,18
LAKE BALBOA COLLEGE PREP K-12,Van Nuys,Los Angeles,11,6,
LAKESIDE HIGH SCHOOL,Lake Elsinore,Riverside,60,47,23
LAKEWOOD HIGH SCHOOL,Lakewood,Los Angeles,131,71,36
LANCASTER HIGH SCHOOL,Lancaster,Los Angeles,83,43,22
LARCHMONT CHARTER SCHOOL,Los Angeles,Los Angeles,74,53,25
LAS LOMAS HIGH SCHOOL,Walnut Creek,Contra Costa,139,90,39
LAS PLUMAS HIGH SCHOOL,Oroville,Butte,6,4,
LASSEN HIGH SCHOOL,Susanville,Lassen,5,,
LATHROP HIGH SCHOOL,Lathrop,San Joaquin,43,33,18
LATINO COLLEGE PREP ACADEMY,San Jose,Santa Clara,32,19,8
LATON HIGH SCHOOL,Laton,Fresno,,,
LAUREL TREE CHARTER SCHOOL,Arcata,Humboldt,,,
LAWNDALE HIGH SCHOOL,Lawndale,Los Angeles,119,62,32
LAYTONVILLE HIGH SCHOOL,Laytonville,Mendocino,,,
LE GRAND UNION HIGH SCHOOL,Le Grand,Merced,26,18,6
LEADERSHIP HIGH SCHOOL,San Francisco,San Francisco,32,17,13
LEADERSHIP MILITARY ACADEMY,Moreno Valley,Riverside,,,
LEADERSHIP PUBLIC SCH HAYWARD,Hayward,Alameda,72,58,35
LEADERSHIP PUBLIC SCH RICHMOND,Richmond,Contra Costa,75,51,28
LEARNING CHOICE ACADEMY,La Mesa,San Diego,12,4,
LEARNING FOR LIFE CHARTER SCHL,Marina,Monterey,,,
LEARNING POST ACADEMY,Santa Clarita,Los Angeles,,,
LEE POLLARD HIGH SCHOOL,Corona,Riverside,,,
LEE VINING HIGH SCHOOL,Lee Vining,Mono,,,
LEGACY HIGH SCHOOL VAPA,South Gate,Los Angeles,24,15,5
LEIGH HIGH SCHOOL,San Jose,Santa Clara,144,85,42
LELAND HIGH SCHOOL,San Jose,Santa Clara,274,182,89
LEMOORE MIDDLE COLLEGE HIGH SC,Lemoore,Kings,25,17,6
LEMOORE UNION HIGH SCHOOL,Lemoore,Kings,41,21,10
LENNOX MATH SCIENCE TECH ACAD,Inglewood,Los Angeles,78,41,17
LEROY GREENE ACADEMY,Sacramento,Sacramento,20,10,8
LEUZINGER HIGH SCHOOL,Lawndale,Los Angeles,102,54,27
LIBERTY HIGH SCHOOL,Bakersfield,Kern,69,42,22
LIBERTY HIGH SCHOOL,Brentwood,Contra Costa,77,54,24
LIBERTY HIGH SCHOOL,Madera,Madera,14,7,
LIBERTY HIGH SCHOOL,San Jose,Santa Clara,,,
LIBERTY RANCH HIGH SCHOOL,Galt,Sacramento,34,22,7
LIBRA ACADEMY AT LINDA MARQUEZ HS,Huntington Park,Los Angeles,41,19,10
LIFE ACADEMY HIGH SCHOOL,Oakland,Alameda,22,20,14
LIFELINE EDUCATION CHARTER SCH,Compton,Los Angeles,30,5,3
LIGHTHOUSE COMMUNITY CHAR HS,Oakland,Alameda,32,15,8
LINCOLN HIGH SCHOOL,Lincoln,Placer,34,22,14
LINCOLN HIGH SCHOOL,Stockton,San Joaquin,81,48,22
LINCOLN HIGH SCHOOL,San Diego,San Diego,91,43,26
LINDA MARQUEZ HS-SOC JUSTICE,Huntington Park,Los Angeles,26,15,8
LINDEN HIGH SCHOOL,Linden,San Joaquin,16,12,5
LINDHURST HIGH SCHOOL,Olivehurst,Yuba,17,13,6
LINDSAY HIGH SCHOOL,Lindsay,Tulare,20,12,7
LITERACY FIRST CHARTER SCHOOLS,Alpine,San Diego,14,7,3
LITTLEROCK HIGH SCHOOL,Littlerock,Los Angeles,39,17,6
LIVE OAK HIGH SCHOOL,Live Oak,Sutter,22,14,8
LIVE OAK HIGH SCHOOL,Morgan Hill,Santa Clara,56,35,15
LIVERMORE HIGH SCHOOL,Livermore,Alameda,101,65,41
LIVINGSTON HIGH SCHOOL,Livingston,Merced,53,41,21
LOARA HIGH SCHOOL,Anaheim,Orange,89,42,24
LODI HIGH SCHOOL,Lodi,San Joaquin,48,28,16
LOMA VISTA COMMUNITY SCHOOL,San Luis Obispo,San Luis Obispo,,,
LOMPOC HIGH SCHOOL,Lompoc,Santa Barbara,10,7,3
LONE PINE HIGH SCHOOL,Lone Pine,Inyo,,,
LONG BEACH POLYTECHNIC HS,Long Beach,Los Angeles,290,196,92
LOS ALAMITOS HIGH SCHOOL,Los Alamitos,Orange,244,136,72
LOS ALTOS HIGH SCHOOL,Hacienda Heights,Los Angeles,67,39,15
LOS ALTOS HIGH SCHOOL,Los Altos,Santa Clara,265,173,70
LOS AMIGOS HIGH SCHOOL,Fountain Valley,Orange,97,61,31
LOS ANGELES ACAD ARTS ENTRPRSE,Los Angeles,Los Angeles,17,7,3
LOS ANGELES COLG PREP ACADEMY,Los Angeles,Los Angeles,19,5,5
LOS ANGELES COUNTY HS FOR THE ARTS,Los Angeles,Los Angeles,45,21,9
LOS ANGELES COUNTY OFFICE OF EDUCTN,Downey,Los Angeles,,,
LOS ANGELES HS OF THE ARTS,Los Angeles,Los Angeles,27,19,12
LOS ANGELES LEADERSHIP ACAD HS,Los Angeles,Los Angeles,19,6,3
LOS ANGELES SCH GLOBAL STUDIES,Los Angeles,Los Angeles,13,5,
LOS ANGELES SENIOR HIGH SCHOOL,Los Angeles,Los Angeles,48,27,15
LOS BANOS HIGH SCHOOL,Los Banos,Merced,34,24,16
LOS GATOS HIGH SCHOOL,Los Gatos,Santa Clara,269,156,70
LOS MOLINOS HIGH SCHOOL,Los Molinos,Tehama,7,,
LOS OSOS HIGH SCHOOL,Rancho Cucamonga,San Bernardino,271,201,122
LOWELL HIGH SCHOOL,San Francisco,San Francisco,515,376,215
LOWER LAKE HIGH SCHOOL,Lower Lake,Lake,17,11,6
LOYALTON HIGH SCHOOL,Loyalton,Sierra,,,
LPS OAKLAND R&D CAMPUS,Oakland,Alameda,32,22,5
LUIS VALDEZ LEADERSHIP ACADEMY,San Jose,Santa Clara,48,35,12
LUTHER BURBANK HIGH SCHOOL,Sacramento,Sacramento,92,46,20
LYNBROOK HIGH SCHOOL,San Jose,Santa Clara,305,242,122
LYNWOOD HIGH SCHOOL,Lynwood,Los Angeles,110,60,30
MADERA HIGH SCHOOL,Madera,Madera,64,44,16
MADERA SOUTH HIGH SCHOOL,Madera,Madera,74,51,20
MADISON PARK ACADEMY,Oakland,Alameda,14,7,4
MADISON PARK ACADEMY,Oakland,Alameda,,,
MAGNOLIA HIGH SCHOOL,Anaheim,Orange,64,38,24
MAGNOLIA SCI ACADEMY-SANTA ANA,Santa Ana,Orange,15,8,3
MAGNOLIA SCIENCE ACADEMY 2,Van Nuys,Los Angeles,12,6,3
MAGNOLIA SCIENCE ACADEMY 3,Carson,Los Angeles,18,8,4
MAGNOLIA SCIENCE ACADEMY 4,Los Angeles,Los Angeles,21,5,
MAGNOLIA SCIENCE ACADEMY,Reseda,Los Angeles,32,21,6
MAKING WAVES ACADEMY,Richmond,Contra Costa,58,32,18
MALIBU HIGH SCHOOL,Malibu,Los Angeles,60,35,12
MAMMOTH HIGH SCHOOL,Mammoth Lakes,Mono,14,10,5
MANTECA HIGH SCHOOL,Manteca,San Joaquin,29,20,10
MANUAL ARTS SENIOR HIGH SCHOOL,Los Angeles,Los Angeles,129,53,33
MAPLE CONTINUATION HIGH SCHOOL,Lompoc,Santa Barbara,,,
MAR VISTA HIGH SCHOOL,Imperial Beach,San Diego,66,34,14
MARCO ANTONIO FIREBAUGH HS,Lynwood,Los Angeles,75,43,23
MARIA CARRILLO HIGH SCHOOL,Santa Rosa,Sonoma,94,55,28
MARICOPA HIGH SCHOOL,Maricopa,Kern,,,
MARIN SCHOOL OF ARTS & TECH,San Francisco,San Francisco,,,
MARINA HIGH SCHOOL,Huntington Beach,Orange,147,102,74
MARINA HIGH SCHOOL,Marina,Monterey,30,21,11
MARIPOSA COUNTY HIGH SCHOOL,Mariposa,Mariposa,19,14,12
MARK KEPPEL HIGH SCHOOL,Alhambra,Los Angeles,255,174,106
MARK TWAIN HIGH SCHOOL,San Diego,San Diego,,,
MARTIN LUTHER KING HIGH SCHOOL,Riverside,Riverside,219,148,105
MARYSVILLE CHARTER ACAD ARTS,Marysville,Yuba,15,9,5
MARYSVILLE HIGH SCHOOL,Marysville,Yuba,21,13,5
MATH AND SCIENCE COLLEGE PREP,Los Angeles,Los Angeles,50,33,19
MATH SCIENCE TECHNOLOGY MAGNET,Los Angeles,Los Angeles,46,35,23
MATT GARCIA CAREER COLG ACDMY,Fairfield,Solano,,,
MATTOLE TRIPLE JUNCTION HS,Petrolia,Humboldt,,,
MAXWELL HIGH SCHOOL,Maxwell,Colusa,,,
MAYFAIR HIGH SCHOOL,Lakewood,Los Angeles,66,39,24
MAYWOOD ACADEMY HIGH SCHOOL,Maywood,Los Angeles,32,16,8
MAYWOOD CTR ENRICHED STUDIES,Maywood,Los Angeles,25,9,4
MCCLYMONDS HIGH SCHOOL,Oakland,Alameda,29,6,5
MCFARLAND HIGH SCHOOL,Mcfarland,Kern,31,23,11
MCKINLEYVILLE HIGH SCHOOL,Mckinleyville,Humboldt,18,10,4
MCLANE HIGH SCHOOL,Fresno,Fresno,21,16,5
MENDOCINO HIGH SCHOOL,Mendocino,Mendocino,14,9,5
MENDOTA HIGH SCHOOL,Mendota,Fresno,24,19,7
MENLO ATHERTON HIGH SCHOOL,Atherton,San Mateo,221,129,42
MERCED HIGH SCHOOL,Merced,Merced,67,54,28
MERRILL F WEST HIGH SCHOOL,Tracy,San Joaquin,74,47,16
MERVYN M DYMALLY HIGH SCHOOL,Los Angeles,Los Angeles,14,5,3
MESA VERDE HIGH SCHOOL,Citrus Heights,Sacramento,21,11,4
MET SACRAMENTO HIGH SCHOOL,Sacramento,Sacramento,8,,
METHOD SCHOOLS,Murrieta,Riverside,,,
METWEST HIGH SCHOOL,Oakland,Alameda,16,5,3
MIDDLE COLLEGE HIGH SCHOOL,Los Angeles,Los Angeles,42,21,12
MIDDLE COLLEGE HIGH SCHOOL,San Bernardino,San Bernardino,61,39,13
MIDDLE COLLEGE HIGH SCHOOL,San Pablo,Contra Costa,34,26,15
MIDDLE COLLEGE HIGH SCHOOL,Santa Ana,Orange,69,32,16
MIDDLE COLLEGE HIGH SCHOOL,Stockton,San Joaquin,47,35,22
MIDDLETOWN HIGH SCHOOL,Middletown,Lake,8,6,3
MIGUEL CONTRERAS LRNG COMPLEX,Los Angeles,Los Angeles,37,27,14
MILLENNIUM CHARTER HIGH SCHOOL,Salinas,Monterey,,,
MILLENNIUM HIGH SCHOOL,Piedmont,Alameda,,,
MILLENNIUM HIGH SCHOOL,Tracy,San Joaquin,26,17,11
MILLS HIGH SCHOOL,Millbrae,San Mateo,163,122,80
MILPITAS HIGH SCHOOL,Milpitas,Santa Clara,261,157,94
MINARETS CHARTER HIGH SCHOOL,Oneals,Madera,6,4,
MINARETS HIGH SCHOOL,Oneals,Madera,,,
MIRA COSTA HIGH SCHOOL,Manhattan Beach,Los Angeles,271,173,86
MIRA LOMA HIGH SCHOOL,Sacramento,Sacramento,146,104,49
MIRA MESA HIGH SCHOOL,San Diego,San Diego,165,95,55
MIRA MONTE HIGH SCHOOL,Bakersfield,Kern,40,29,13
MIRAMONTE HIGH SCHOOL,Orinda,Contra Costa,181,125,47
MIRUS SECONDARY SCHOOL,Hesperia,San Bernardino,,,
MISSION BAY HIGH,San Diego,San Diego,58,40,19
MISSION EARLY COLLEGE HIGH SCH,Santa Clara,Santa Clara,9,4,3
MISSION HIGH SCHOOL,San Fernando,Los Angeles,,,
MISSION HILLS HIGH SCHOOL,San Marcos,San Diego,138,88,53
MISSION OAK HIGH SCHOOL,Tulare,Tulare,44,30,12
MISSION SAN JOSE HIGH SCHOOL,Fremont,Alameda,422,366,183
MISSION SENIOR HIGH SCHOOL,San Francisco,San Francisco,112,69,44
MISSION VIEJO HIGH SCHOOL,Mission Viejo,Orange,151,93,52
MISSION VISTA HIGH SCHOOL,Oceanside,San Diego,132,92,46
MIT ACADEMY,Vallejo,Solano,32,20,13
MODESTO HIGH SCHOOL,Modesto,Stanislaus,112,70,42
MOJAVE HIGH SCHOOL,Mojave,Kern,,,
MONACHE HIGH SCHOOL,Porterville,Tulare,48,31,14
MONARCH SCHOOL,San Diego,San Diego,,,
MONROVIA HIGH SCHOOL,Monrovia,Los Angeles,72,42,23
MONTA VISTA HIGH SCHOOL,Cupertino,Santa Clara,449,335,163
MONTCLAIR HIGH SCHOOL,Montclair,San Bernardino,187,121,54
MONTE VISTA HIGH SCHOOL,Danville,Contra Costa,251,146,82
MONTE VISTA HIGH SCHOOL,Spring Valley,San Diego,42,35,16
MONTE VISTA INDEPENDENT STUDY,Costa Mesa,Orange,,,
MONTEBELLO HIGH SCHOOL,Montebello,Los Angeles,97,56,29
MONTEREY COAST PREPARATORY,Scotts Valley,Santa Cruz,,,
MONTEREY HIGH SCHOOL,Burbank,Los Angeles,,,
MONTEREY HIGH SCHOOL,Monterey,Monterey,98,54,35
MONTEREY TRAIL HIGH SCHOOL,Elk Grove,Sacramento,122,67,34
MONTGOMERY HIGH SCHOOL,San Diego,San Diego,61,34,20
MONTGOMERY HIGH SCHOOL,Santa Rosa,Sonoma,44,22,8
MOORPARK HIGH SCHOOL,Moorpark,Ventura,90,55,26
MORENO VALLEY HIGH SCHOOL,Moreno Valley,Riverside,126,80,51
MORNINGSIDE HIGH SCHOOL,Inglewood,Los Angeles,37,16,9
MORRO BAY HIGH SCHOOL,Morro Bay,San Luis Obispo,38,21,13
MORSE HIGH SCHOOL,San Diego,San Diego,85,52,34
MOTIVATED YOUTH ACADEMY,San Marcos,San Diego,,,
MOUNT DIABLO HIGH SCHOOL,Concord,Contra Costa,40,30,16
MOUNT EDEN HIGH SCHOOL,Hayward,Alameda,108,77,48
MOUNT MIGUEL HIGH SCHOOL,Spring Valley,San Diego,39,23,7
MOUNT PLEASANT HIGH SCHOOL,San Jose,Santa Clara,62,39,18
MOUNT SHASTA HIGH SCHOOL,Mount Shasta,Siskiyou,10,9,7
MOUNT WHITNEY HIGH SCHOOL,Visalia,Tulare,29,18,11
MOUNTAIN EMPIRE HIGH SCHOOL,Pine Valley,San Diego,9,6,3
MOUNTAIN HOUSE HIGH SCHOOL,Mountain House,San Joaquin,89,64,40
MOUNTAIN OAKS SCHOOL,San Andreas,Calaveras,,,
MOUNTAIN PARK SCHOOL,Monrovia,Los Angeles,,,
MOUNTAIN VALLEY ACADEMY,Ramona,San Diego,,,
MOUNTAIN VIEW HIGH SCHOOL,El Monte,Los Angeles,56,36,16
MOUNTAIN VIEW HIGH SCHOOL,Mojave,Kern,,,
MOUNTAIN VIEW HIGH SCHOOL,Mountain View,Santa Clara,252,156,62
MT CARMEL HIGH SCHOOL,San Diego,San Diego,132,84,50
MT EVEREST ACADEMY,San Diego,San Diego,9,9,4
MT SAN JACINTO HIGH SCHOOL,Cathedral City,Riverside,,,
MURRIETA MESA HIGH SCHOOL,Murrieta,Riverside,77,50,31
MURRIETA VALLEY HIGH SCHOOL,Murrieta,Riverside,116,68,36
N MONTEREY CO CTR INDPNDNT STU,Salinas,Monterey,,,
NAPA HIGH SCHOOL,Napa,Napa,64,44,31
NARBONNE HIGH SCHOOL,Harbor City,Los Angeles,98,61,29
NATIONAL UNIVERSITY ACADEMY,San Diego,San Diego,,,
NATOMAS CHARTER SCHOOL PERFORM,Sacramento,Sacramento,57,34,18
NATOMAS HIGH SCHOOL,Sacramento,Sacramento,28,15,7
NATOMAS PACIFIC PATHWAYS PREP,Sacramento,Sacramento,53,25,22
NAVA COLLEGE PREP ACADEMY,Los Angeles,Los Angeles,43,25,11
NEA COMMUNITY LEARNING CENTER,Alameda,Alameda,8,,
NEEDLES HIGH SCHOOL,Needles,San Bernardino,,,
NEVADA UNION HIGH SCHOOL,Grass Valley,Nevada,44,25,16
NEW DAY ACADEMY,Alturas,Modoc,,,
NEW DESIGNS CHARTER SCH WATTS,Los Angeles,Los Angeles,17,,
NEW DESIGNS CHARTER SCHOOL,Los Angeles,Los Angeles,48,30,14
NEW MILLENNIUM SECONDARY SCHL,Gardena,Los Angeles,5,,
NEW OPEN WORLD ACADEMY,Los Angeles,Los Angeles,36,12,6
NEW TECHNOLOGY HIGH SCHOOL,Napa,Napa,17,15,9
NEW VALLEY HIGH SCHOOL,Santa Clara,Santa Clara,,,
NEW VILLAGE GIRLS ACADEMY,Los Angeles,Los Angeles,8,3,
NEW WEST CHARTER SCHOOL,Los Angeles,Los Angeles,47,35,24
NEWARK MEMORIAL HIGH SCHOOL,Newark,Alameda,62,30,18
NEWBURY PARK HIGH SCHOOL,Newbury Park,Ventura,177,110,49
NEWPORT HARBOR HIGH SCHOOL,Newport Beach,Orange,148,83,42
NIPOMO HIGH SCHOOL,Nipomo,San Luis Obispo,18,14,8
NOGALES HIGH SCHOOL,La Puente,Los Angeles,87,53,26
NORCO HIGH SCHOOL,Norco,Riverside,79,41,28
NORDHOFF HIGH SCHOOL,Ojai,Ventura,27,14,12
NORTE VISTA SENIOR HIGH SCHOOL,Riverside,Riverside,129,65,40
NORTH HIGH SCHOOL,Bakersfield,Kern,29,20,10
NORTH HIGH SCHOOL,Torrance,Los Angeles,119,70,40
NORTH HOLLYWOOD HIGH SCHOOL,North Hollywood,Los Angeles,177,118,63
NORTH MONTEREY COUNTY HIGH SCH,Castroville,Monterey,56,37,19
NORTH POINT ACADEMY,Grass Valley,Nevada,,,
NORTH SALINAS HIGH SCHOOL,Salinas,Monterey,60,40,15
NORTH TAHOE HIGH SCHOOL,Tahoe City,Placer,24,12,6
NORTH VALLEY MILITARY INST,Sun Valley,Los Angeles,16,4,
NORTH VALLEY OCCUPATIONAL CTR,Mission Hills,Los Angeles,,,
NORTHCOAST PREP & PERF ARTS A,Arcata,Humboldt,17,8,
NORTHERN UNITED HUMBOLDT CHTR,Eureka,Humboldt,,,
NORTHGATE HIGH SCHOOL,Walnut Creek,Contra Costa,166,113,61
NORTHRIDGE ACADEMY HIGH SCHOOL,Northridge,Los Angeles,45,28,8
NORTHVIEW HIGH SCHOOL,Covina,Los Angeles,81,47,20
NORTHWOOD HIGH SCHOOL,Irvine,Orange,377,271,152
NORWALK HIGH SCHOOL,Norwalk,Los Angeles,94,46,20
NOVA ACADEMY EARLY COLLEGE HS,Santa Ana,Orange,35,22,10
NOVA ACADEMY-COACHELLA,Coachella,Riverside,10,9,4
NOVA INDEPENDENT STUDY,Novato,Marin,,,
NOVATO HIGH SCHOOL,Novato,Marin,87,44,20
NUVIEW BRIDGE EARLY COLLEGE HS,Nuevo,Riverside,82,49,30
OAK GROVE HIGH SCHOOL,San Jose,Santa Clara,75,50,27
OAK HILLS HIGH SCHOOL,Oak Hills,San Bernardino,101,54,21
OAK KNOLL ALTERNATIVE SCHOOL,Glendora,Los Angeles,,,
OAK PARK HIGH SCHOOL,Oak Park,Ventura,190,116,52
OAK PARK INDEPENDENT SCH,Oak Park,Ventura,5,5,3
OAK RIDGE HIGH SCHOOL,El Dorado Hills,El Dorado,158,82,38
OAKDALE HIGH SCHOOL,Oakdale,Stanislaus,36,29,12
OAKLAND CHARTER HIGH SCHOOL,Oakland,Alameda,71,38,22
OAKLAND EMILIANO ZAPATA STREET ACAD,Oakland,Alameda,,,
OAKLAND HIGH SCHOOL,Oakland,Alameda,100,58,42
OAKLAND INTERNATIONAL HIGH SCH,Oakland,Alameda,15,7,4
OAKLAND MILITARY INST COL PREP,Oakland,Alameda,42,22,17
OAKLAND SCHOOL FOR THE ARTS,Oakland,Alameda,54,34,14
OAKLAND TECHNICAL HIGH SCHOOL,Oakland,Alameda,231,160,73
OAKLAND UNITY HIGH SCHOOL,Oakland,Alameda,24,21,11
OAKMONT HIGH SCHOOL,Roseville,Placer,101,57,35
OASIS HIGH SCHOOL,Fallbrook,San Diego,,,
OCEAN GROVE CHARTER SCHOOL,Placerville,El Dorado,,,
OCEAN VIEW HIGH SCHOOL,Huntington Beach,Orange,59,29,16
OCEANA HIGH SCHOOL,Pacifica,San Mateo,36,17,7
OCEANSIDE HIGH SCHOOL,Oceanside,San Diego,64,43,18
OFARRELL CHARTER SCHOOL,San Diego,San Diego,76,42,21
OLIVE GROVE CHARTER ORCUTT,Santa Maria,Santa Barbara,,,
OLYMPIAN HIGH SCHOOL,Chula Vista,San Diego,195,127,90
ONTARIO HIGH SCHOOL,Ontario,San Bernardino,96,59,27
OPPORTUNITIES FOR LEARNING DUARTE,Duarte,Los Angeles,,,
OPPORTUNITIES LRN-BALDWIN PARK,Irwindale,Los Angeles,26,16,3
OPPORTUNITIES LRN-WILLIAM HART,Valencia,Los Angeles,,,
OPPORTUNITIES LRNG-BALDWIN II,Irwindale,Los Angeles,,,
OPPORTUNITIES LRNG-CAPISTRANO,San Juan Capistrano,Orange,,,
OPTIONS FOR YOUTH - ACTON,Fontana,San Bernardino,7,,
OPTIONS FOR YOUTH - SAN BERNAR,San Bernardino,San Bernardino,,,
OPTIONS FOR YOUTH SAN GABRIEL,San Gabriel,Los Angeles,11,,
OPTIONS FOR YOUTH SAN JUAN,Carmichael,Sacramento,,,
OPTIONS FOR YOUTH VICTOR VALLY,Victorville,San Bernardino,5,,
OPTIONS SECONDARY SCHOOL,San Diego,San Diego,,,
ORANGE COUNTY HS OF THE ARTS,Santa Ana,Orange,196,127,53
ORANGE COVE HIGH SCHOOL,Orange Cove,Fresno,24,21,9
ORANGE GLEN HIGH SCHOOL,Escondido,San Diego,68,41,29
ORANGE HIGH SCHOOL,Orange,Orange,58,35,15
ORANGE VISTA HIGH SCHOOL,Perris,Riverside,119,56,24
ORCHARD VIEW SCHOOL,Sebastopol,Sonoma,,,
ORCUTT ACADEMY HIGH SCHOOL,Orcutt,Santa Barbara,43,31,19
ORESTIMBA HIGH SCHOOL,Newman,Stanislaus,22,11,6
ORLAND HIGH SCHOOL,Orland,Glenn,21,13,8
OROSI HIGH SCHOOL,Orosi,Tulare,79,46,23
OROVILLE HIGH SCHOOL,Oroville,Butte,18,10,3
ORTHOPAEDIC HOSP MED MAGNET HS,Los Angeles,Los Angeles,81,50,32
OSCAR DE LA HOYA ANIMO CHARTER,Los Angeles,Los Angeles,55,36,16
OTAY RANCH HIGH SCHOOL,Chula Vista,San Diego,156,96,63
OXFORD ACADEMY,Cypress,Orange,162,131,76
OXNARD HIGH SCHOOL,Oxnard,Ventura,139,80,29
PACHECO HIGH SCHOOL,Los Banos,Merced,56,38,17
PACIFIC COAST ACADEMY,Poway,San Diego,,,
PACIFIC COAST CHARTER SCHOOL,Watsonville,Santa Cruz,,,
PACIFIC COAST HIGH SCHOOL,Tustin,Orange,6,3,
PACIFIC COLLEGIATE SCHOOL,Santa Cruz,Santa Cruz,57,39,20
PACIFIC CREST ACADEMY,El Dorado,El Dorado,,,
PACIFIC GROVE HIGH SCHOOL,Pacific Grove,Monterey,39,27,16
PACIFIC HIGH SCHOOL,San Bernardino,San Bernardino,46,28,7
PACIFIC HIGH SCHOOL,San Leandro,Alameda,,,
PACIFIC LAW ACADEMY,Stockton,San Joaquin,16,10,4
PACIFIC VIEW CHARTER SCHOOL,Oceanside,San Diego,,,
PACIFICA HIGH SCHOOL,Garden Grove,Orange,113,91,54
PACIFICA HIGH SCHOOL,Oxnard,Ventura,80,38,13
PAJARO VALLEY HS,Watsonville,Santa Cruz,53,35,10
PALISADES CHARTER HIGH SCHOOL,Pacific Palisade,Los Angeles,323,209,103
PALM DESERT HIGH SCHOOL,Palm Desert,Riverside,80,46,23
PALM SPRINGS HIGH SCHOOL,Palm Springs,Riverside,94,52,30
PALMDALE AEROSPACE ACADEMY,Palmdale,Los Angeles,54,31,16
PALMDALE HIGH SCHOOL,Palmdale,Los Angeles,70,33,19
PALO ALTO SENIOR HIGH SCHOOL,Palo Alto,Santa Clara,326,193,59
PALO VERDE HIGH SCHOOL,Blythe,Riverside,6,5,
PALOMA VALLEY HIGH SCHOOL,Menifee,Riverside,110,56,32
PALOMARES ACADEMY HEALTH SCIENCE,Pomona,Los Angeles,11,7,3
PALOS VERDES HIGH SCHOOL,Palos Verdes Estate,Los Angeles,201,131,52
PALOS VERDES PENINSULA HS,Rolling Hills Estat,Los Angeles,378,258,132
PANORAMA HIGH SCHOOL,Panorama City,Los Angeles,79,26,7
PARADISE HIGH SCHOOL,Paradise,Butte,24,19,5
PARAMOUNT HIGH SCHOOL,Paramount,Los Angeles,197,116,59
PARKVIEW SCHOOL,Placentia,Orange,,,
PARLIER HIGH SCHOOL,Parlier,Fresno,46,26,7
PASADENA HIGH SCHOOL,Pasadena,Los Angeles,126,74,34
PASO ROBLES HIGH SCHOOL,Paso Robles,San Luis Obispo,73,44,29
PATHWAYS ACADEMY CHARTER,San Marcos,San Diego,,,
PATRICK HENRY EVENING HIGH,San Diego,San Diego,,,
PATRICK HENRY HIGH SCHOOL,San Diego,San Diego,165,110,47
PATRIOT HIGH SCHOOL,Riverside,Riverside,84,60,40
PATTERSON HIGH SCHOOL,Patterson,Stanislaus,59,38,22
PERFORMING ARTS COMMUNITY SCHO,Los Angeles,Los Angeles,43,12,5
PERRIS HIGH SCHOOL,Perris,Riverside,100,57,26
PESCADERO HIGH SCHOOL,Pescadero,San Mateo,,,
PETALUMA HIGH SCHOOL,Petaluma,Sonoma,84,47,25
PHILLIP & SALA BURTON ACAD HS,San Francisco,San Francisco,104,66,37
PHILLIP J PATINO SCH ENTREPREN,Fresno,Fresno,11,6,
PHINEAS BANNING HIGH SCHOOL,Wilmington,Los Angeles,64,44,18
PHOENIX CHARTER ACADEMY,Redding,Shasta,,,
PIEDMONT HIGH SCHOOL,Piedmont,Alameda,128,85,37
PIEDMONT HILLS HIGH SCHOOL,San Jose,Santa Clara,183,115,68
PIERCE HIGH SCHOOL,Arbuckle,Colusa,8,5,
PINER HIGH SCHOOL,Santa Rosa,Sonoma,42,28,10
PINOLE VALLEY HIGH SCHOOL,Pinole,Contra Costa,57,27,18
PIONEER HIGH SCHOOL,Grass Valley,Nevada,,,
PIONEER HIGH SCHOOL,San Jose,Santa Clara,129,87,38
PIONEER HIGH SCHOOL,Whittier,Los Angeles,61,41,25
PIONEER HIGH SCHOOL,Woodland,Yolo,85,59,27
PIONEER VALLEY HIGH SCHOOL,Santa Maria,Santa Barbara,86,51,20
PITTSBURG HIGH SCHOOL,Pittsburg,Contra Costa,110,68,36
PIVOT CHARTER SCHL-SAN DIEGO,San Marcos,San Diego,,,
PIVOT CHARTER SCHOOL RIVERSIDE,San Marcos,San Diego,,,
PLACER HIGH SCHOOL,Auburn,Placer,38,25,15
PLEASANT GROVE HIGH SCHOOL,Elk Grove,Sacramento,134,87,53
PLEASANT VALLEY SR HIGH SCHOOL,Chico,Butte,43,27,19
POINT ARENA HIGH SCHOOL,Point Arena,Mendocino,,,
POINT LOMA HIGH SCHOOL,San Diego,San Diego,175,117,60
POMONA HIGH SCHOOL (CAL-SAFE),Pomona,Los Angeles,,,
POMONA HIGH SCHOOL,Pomona,Los Angeles,69,34,15
PONDEROSA HIGH SCHOOL,Shingle Springs,El Dorado,70,43,21
PORT OF LOS ANGELES HS,San Pedro,Los Angeles,44,20,10
PORTERVILLE HIGH SCHOOL,Porterville,Tulare,36,24,10
PORTOLA HIGH SCHOOL,Portola,Plumas,,,
POTTER VALLEY HIGH SCHOOL,Potter Valley,Mendocino,,,
POWAY HIGH SCHOOL,Poway,San Diego,134,78,40
PREUSS SCHOOL UCSD,La Jolla,San Diego,103,60,40
PROSPECT HIGH SCHOOL,Saratoga,Santa Clara,102,69,31
PUBLIC SAFETY ACADEMY,San Bernardino,San Bernardino,7,,
PUBLIC SAFETY ACADEMY,Fairfield,Solano,17,13,7
PUBLIC SERVICE COMMUNITY SCHOO,Los Angeles,Los Angeles,43,23,5
PUC CALS MIDDLE AND EARLY COLL,Los Angeles,Los Angeles,20,11,5
PUC COMMUNITY CHARTER EARLY COLL HS,Sylmar,Los Angeles,45,33,18
PUC EARLY COLG ACADEMY LEADERS,Los Angeles,Los Angeles,19,13,5
PUC LAKEVIEW CHARTER HIGH SCHL,San Fernando,Los Angeles,63,40,20
PUC TRIUMPH CHARTER ACADEMY HS,Sylmar,Los Angeles,43,18,5
QUARTZ HILL HIGH SCHOOL,Quartz Hill,Los Angeles,124,89,53
QUINCY SENIOR HIGH SCHOOL,Quincy,Plumas,,,
RAMON C CORTINES SCH OF VISUAL,Los Angeles,Los Angeles,146,88,44
RAMONA HIGH SCHOOL,Ramona,San Diego,46,26,18
RAMONA HIGH SCHOOL,Riverside,Riverside,114,82,36
RANCHO ALAMITOS HIGH SCHOOL,Garden Grove,Orange,84,54,31
RANCHO BERNARDO HIGH SCHOOL,San Diego,San Diego,192,125,64
RANCHO BUENA VISTA HIGH SCHOOL,Vista,San Diego,71,43,26
RANCHO CAMPANA HIGH SCHOOL,Camarillo,Ventura,57,33,17
RANCHO COTATE HIGH SCHOOL,Rohnert Park,Sonoma,26,15,10
RANCHO CUCAMONGA HIGH SCHOOL,Rancho Cucamonga,San Bernardino,195,112,69
RANCHO DOMINGUEZ PREP SCHOOL,Long Beach,Los Angeles,40,23,9
RANCHO MIRAGE HIGH SCHOOL,Rancho Mirage,Riverside,46,31,17
RANCHO VERDE HIGH SCHOOL,Moreno Valley,Riverside,161,91,52
RAOUL WALLENBERG TRADITIONAL,San Francisco,San Francisco,80,51,33
REALM CHARTER HIGH SCHOOL,Berkeley,Alameda,17,10,6
RED BLUFF HIGH SCHOOL,Red Bluff,Tehama,20,16,10
REDLANDS EACADEMY,Redlands,San Bernardino,,,
REDLANDS EAST VALLEY HS,Redlands,San Bernardino,100,68,40
REDLANDS HIGH SCHOOL,Redlands,San Bernardino,155,116,79
REDONDO UNION HIGH SCHOOL,Redondo Beach,Los Angeles,170,106,62
REDWOOD COLLEGIATE ACADEMY,Ukiah,Mendocino,7,6,3
REDWOOD HIGH SCHOOL,Larkspur,Marin,228,126,65
REDWOOD HIGH SCHOOL,Redwood City,San Mateo,,,
REDWOOD HIGH SCHOOL,Visalia,Tulare,81,57,33
REEDLEY HIGH SCHOOL,Reedley,Fresno,59,37,12
REEDLEY MIDDLE COLLEGE HS,Reedley,Fresno,15,8,4
RENAISSANCE ARTS ACADEMY,Los Angeles,Los Angeles,34,24,17
RENAISSANCE CAREER ACADEMY,Long Beach,Los Angeles,,,
RENAISSANCE HIGH SCHOOL ARTS,Long Beach,Los Angeles,13,7,
RESEDA HIGH SCHOOL,Reseda,Los Angeles,67,32,13
RIALTO HIGH SCHOOL,Rialto,San Bernardino,138,71,44
RICHMOND HIGH SCHOOL,Richmond,Contra Costa,96,56,31
RIDGEVIEW HIGH SCHOOL,Bakersfield,Kern,84,47,19
RIM OF THE WORLD HIGH SCHOOL,Lake Arrowhead,San Bernardino,40,23,14
RIO AMERICANO HIGH SCHOOL,Sacramento,Sacramento,76,48,27
RIO LINDA SENIOR HIGH SCHOOL,Rio Linda,Sacramento,50,31,16
RIO MESA HIGH SCHOOL,Oxnard,Ventura,86,49,21
RIO VALLEY CHARTER SCHOOL,Lodi,San Joaquin,,,
RIO VISTA HIGH SCHOOL,Rio Vista,Solano,22,14,8
RIPON HIGH SCHOOL,Ripon,San Joaquin,18,16,11
RISE HIGH,Hawthorne,Los Angeles,,,
RIVER CITY HIGH SCHOOL,West Sacramento,Yolo,74,42,21
RIVER SPRINGS CHARTER SCHOOL,Temecula,Riverside,10,7,5
RIVER VALLEY CHARTER SCHOOL,Lakeside,San Diego,14,10,6
RIVER VALLEY HIGH SCHOOL,Yuba City,Sutter,59,44,25
RIVERBANK HIGH SCHOOL,Riverbank,Stanislaus,20,14,9
RIVERDALE HIGH SCHOOL,Riverdale,Fresno,19,15,8
RIVERSIDE POLY HIGH SCHOOL,Riverside,Riverside,121,65,38
RIVERSIDE PREPARATORY,Oro Grande,San Bernardino,14,8,7
RIVERSIDE STEM ACADEMY,Riverside,Riverside,36,24,10
RIVERSIDE VIRTUAL SCHOOL,Riverside,Riverside,,,
ROBERT A MILLIKAN HIGH SCHOOL,Long Beach,Los Angeles,204,115,52
ROBERT F KENNEDY HIGH SCHOOL,Delano,Kern,51,29,18
ROBERT FULTON COLLEGE PREP SCH,Van Nuys,Los Angeles,26,14,7
ROBERTO CRUZ LEADERSHIP ACDMY,San Jose,Santa Clara,17,6,
ROCKLIN HIGH SCHOOL,Rocklin,Placer,125,83,47
RONALD E MCNAIR HIGH SCHOOL,Stockton,San Joaquin,61,41,17
ROSAMOND HIGH SCHOOL,Rosamond,Kern,11,7,5
ROSELAND COLLEGIATE PREP,Santa Rosa,Sonoma,12,6,4
ROSELAND UNIVERSITY PREP,Santa Rosa,Sonoma,29,24,16
ROSEMEAD HIGH SCHOOL,Rosemead,Los Angeles,143,91,52
ROSEMONT HIGH SCHOOL,Sacramento,Sacramento,48,36,23
ROSEVILLE HIGH SCHOOL,Roseville,Placer,61,45,28
ROUND VALLEY HIGH SCHOOL,Covelo,Mendocino,,,
ROYAL HIGH SCHOOL,Simi Valley,Ventura,60,41,18
RUBEN S AYALA HIGH SCHOOL,Chino Hills,San Bernardino,294,214,135
RUBIDOUX HIGH SCHOOL,Jurupa Valley,Riverside,77,35,21
RUTH ASAWA SCHOOL OF THE ARTS,San Francisco,San Francisco,76,62,40
SACRAMENTO HIGH SCHOOL,Sacramento,Sacramento,63,47,16
SACRAMENTO NEW TECHNOLOGY HS,Sacramento,Sacramento,9,5,
SADDLEBACK HIGH SCHOOL,Santa Ana,Orange,89,54,25
SAGE CREEK HIGH SCHOOL,Carlsbad,San Diego,134,83,48
SAGE OAK CHARTER,Redlands,San Bernardino,,,
SAINT HELENA HIGH SCHOOL,Saint Helena,Napa,35,17,12
SALINAS ADULT SCHOOL,Salinas,Monterey,,,
SALINAS HIGH SCHOOL,Salinas,Monterey,85,53,28
SAMUELI ACADEMY,Santa Ana,Orange,34,18,9
SAN BERNARDINO HIGH SCHOOL,San Bernardino,San Bernardino,60,41,8
SAN CLEMENTE HIGH SCHOOL,San Clemente,Orange,209,119,51
SAN DIEGO BUSINESS LEADERSHIP,San Diego,San Diego,15,6,
SAN DIEGO HIGH SCHOOL EDUCATIO,San Diego,San Diego,12,4,
SAN DIEGO HIGH SCHOOL,San Diego,San Diego,44,27,12
SAN DIEGO INTL STUDIES,San Diego,San Diego,149,98,47
SAN DIEGO MET,San Diego,San Diego,9,6,3
SAN DIEGO SCHL CREATE/PERFORM,San Diego,San Diego,60,34,17
SAN DIEGO VIRTUAL SCHOOL,San Diego,San Diego,,,
SAN DIEGO WORKFORCE INNOVATION,National City,San Diego,,,
SAN DIEGUITO ACADEMY,Encinitas,San Diego,212,130,63
SAN DIMAS HIGH SCHOOL,San Dimas,Los Angeles,67,43,25
SAN FERNANDO HIGH SCHOOL,San Fernando,Los Angeles,116,62,31
SAN FRANCISCO INTERNATIONAL HS,San Francisco,San Francisco,26,14,9
SAN GABRIEL HIGH SCHOOL,San Gabriel,Los Angeles,185,146,92
SAN GORGONIO HIGH SCHOOL,San Bernardino,San Bernardino,93,63,28
SAN JACINTO HIGH SCHOOL,San Jacinto,Riverside,136,66,35
SAN JACINTO VALLEY ACADEMY,San Jacinto,Riverside,29,13,6
SAN JOAQUIN HIGH SCHOOL,Irvine,Orange,,,
SAN JOSE HIGH SCHOOL,San Jose,Santa Clara,43,30,15
SAN JUAN HIGH SCHOOL,Citrus Heights,Sacramento,11,7,
SAN JUAN HILLS HIGH SCHOOL,San Juan Capistrano,Orange,159,92,53
SAN LEANDRO ADULT HIGH SCHOOL,San Leandro,Alameda,,,
SAN LEANDRO HIGH SCHOOL,San Leandro,Alameda,155,85,47
SAN LORENZO HIGH SCHOOL,San Lorenzo,Alameda,61,38,27
SAN LORENZO VALLEY HIGH SCHOOL,Felton,Santa Cruz,15,11,5
SAN LUIS OBISPO HIGH SCHOOL,San Luis Obispo,San Luis Obispo,109,72,29
SAN MARCOS HIGH SCHOOL,San Marcos,San Diego,242,141,75
SAN MARCOS HIGH SCHOOL,Santa Barbara,Santa Barbara,170,97,53
SAN MARIN HIGH SCHOOL,Novato,Marin,85,58,36
SAN MARINO HIGH SCHOOL,San Marino,Los Angeles,183,129,45
SAN MATEO HIGH SCHOOL,San Mateo,San Mateo,157,98,44
SAN PASQUAL HIGH SCHOOL,Escondido,San Diego,123,71,36
SAN PASQUAL VALLEY HIGH SCHOOL,Winterhaven,Imperial,,,
SAN PEDRO HIGH SCHOOL,San Pedro,Los Angeles,90,46,26
SAN RAFAEL HIGH SCHOOL,San Rafael,Marin,89,49,26
SAN RAMON VALLEY HIGH SCHOOL,Danville,Contra Costa,167,96,41
SAN YSIDRO HIGH SCHOOL,San Diego,San Diego,128,55,24
SANGER HIGH SCHOOL,Sanger,Fresno,90,58,24
SANTA ANA HIGH SCHOOL,Santa Ana,Orange,135,68,33
SANTA BARBARA SENIOR HIGH SCHO,Santa Barbara,Santa Barbara,153,88,34
SANTA CLARA HIGH SCHOOL,Santa Clara,Santa Clara,114,72,40
SANTA CLARITA VALLEY INTERNATI,Castaic,Los Angeles,10,4,3
SANTA CRUZ ALTERNATIVE,Santa Cruz,Santa Cruz,7,4,3
SANTA CRUZ HIGH SCHOOL,Santa Cruz,Santa Cruz,63,46,20
SANTA FE HIGH SCHOOL,Santa Fe Springs,Los Angeles,122,60,26
SANTA MARIA HIGH SCHOOL,Santa Maria,Santa Barbara,110,57,21
SANTA MONICA HIGH SCHOOL,Santa Monica,Los Angeles,332,225,123
SANTA PAULA HIGH SCHOOL,Santa Paula,Ventura,120,66,24
SANTA ROSA ACADEMY,Menifee,Riverside,16,11,6
SANTA ROSA HIGH SCHOOL,Santa Rosa,Sonoma,76,50,26
SANTA SUSANA HIGH SCHOOL,Simi Valley,Ventura,57,36,25
SANTA TERESA HIGH SCHOOL,San Jose,Santa Clara,121,68,43
SANTA YNEZ VALLEY UNION HS,Solvang,Santa Barbara,45,23,6
SANTANA HIGH SCHOOL,Santee,San Diego,30,17,13
SANTEE EDUCATION COMPLEX,Los Angeles,Los Angeles,157,73,26
SANTIAGO HIGH SCHOOL,Corona,Riverside,260,179,105
SANTIAGO HIGH SCHOOL,Garden Grove,Orange,122,66,38
SARATOGA HIGH SCHOOL,Saratoga,Santa Clara,227,156,56
SATO ACADEMY OF MATH & SCIENCE,Long Beach,Los Angeles,56,37,19
SAUGUS HIGH SCHOOL,Saugus,Los Angeles,91,50,26
SAVANNA HIGH SCHOOL,Anaheim,Orange,82,43,23
SCALE LEADERSHIP ACADEMY,Chino,San Bernardino,,,
SCH ENGINEERING & SCIENCES,Sacramento,Sacramento,17,12,6
SCH SOCIAL JUSTICE-CONT LEARN CTR,Los Angeles,Los Angeles,17,5,3
SCHL ENTREPRENEURSHIP & TECH,San Diego,San Diego,10,8,6
SCHOOL OF ARTS AND ENTERPRISE,Pomona,Los Angeles,16,10,5
SCHOOL OF EXTENDED EDU OPTIONS,Pomona,Los Angeles,,,
SCHOOL VISUAL ARTS HUMANITIES,Los Angeles,Los Angeles,34,10,5
SCHURR HIGH SCHOOL,Montebello,Los Angeles,102,78,43
SCOTTS VALLEY HIGH SCHOOL,Scotts Valley,Santa Cruz,76,45,19
SCRIPPS RANCH HIGH,San Diego,San Diego,267,171,93
SEASIDE HIGH SCHOOL,Seaside,Monterey,49,24,10
SEGERSTROM HIGH SCHOOL,Santa Ana,Orange,133,96,51
SELMA HIGH SCHOOL,Selma,Fresno,51,37,16
SEQUOIA HIGH SCHOOL,Redwood City,San Mateo,141,94,43
SERRANO HIGH SCHOOL,Phelan,San Bernardino,63,39,19
SHADOW HILLS HIGH SCHOOL,Indio,Riverside,92,51,29
SHAFTER HIGH SCHOOL,Shafter,Kern,40,27,6
SHANDON HIGH SCHOOL,Shandon,San Luis Obispo,,,
SHASTA CHARTER ACADEMY,Redding,Shasta,,,
SHASTA HIGH SCHOOL,Redding,Shasta,43,30,11
SHELDON HIGH SCHOOL,Sacramento,Sacramento,103,63,35
SHERMAN E BURROUGHS HS,Ridgecrest,Kern,38,25,9
SHERMAN OAKS CTR ENRCHED STDS,Reseda,Los Angeles,98,66,39
SIATECH ACADEMY SOUTH,Los Angeles,Los Angeles,,,
SIERRA ACADEMY EXPEDITION LRNG,Nevada City,Nevada,,,
SIERRA HIGH SCHOOL,Azusa,Los Angeles,,,
SIERRA HIGH SCHOOL,Manteca,San Joaquin,43,35,19
SIERRA HIGH SCHOOL,Tollhouse,Fresno,9,4,
SIERRA PACIFIC HIGH SCHOOL,Hanford,Kings,22,13,7
SIERRA VISTA HIGH SCHOOL,Baldwin Park,Los Angeles,86,58,20
SILVER CREEK HIGH SCHOOL,San Jose,Santa Clara,196,124,63
SILVER VALLEY HIGH SCHOOL,Yermo,San Bernardino,7,5,4
SILVERADO HIGH SCHOOL,Victorville,San Bernardino,71,38,16
SIMI VALLEY HIGH SCHOOL,Simi Valley,Ventura,84,49,24
SKY MOUNTAIN CHARTER SCHOOL,Placerville,El Dorado,5,4,
SKYLINE EVENING HIGH,Oakland,Alameda,,,
SKYLINE HIGH SCHOOL,Oakland,Alameda,125,67,45
SLVUSD CHARTER SCHOOL,Ben Lomond,Santa Cruz,,,
SOAR HIGH SCHOOL,Lancaster,Los Angeles,57,42,22
SOCIAL JUSTICE HUMANITAS ACAD,San Fernando,Los Angeles,41,14,9
SOCIAL JUSTICE LDRSHP @ TORRES,Los Angeles,Los Angeles,19,11,6
SOJOURNER TRUTH ACADEMY,Oakland,Alameda,,,
SOLEDAD HIGH SCHOOL,Soledad,Monterey,56,32,20
SONIA SOTOMAYOR ARTS SCI ACAD,Los Angeles,Los Angeles,24,12,5
SONOMA VALLEY HIGH SCHOOL,Sonoma,Sonoma,65,31,18
SONORA HIGH SCHOOL,La Habra,Orange,94,63,35
SONORA HIGH SCHOOL,Sonora,Tuolumne,25,16,7
SOQUEL HIGH SCHOOL,Soquel,Santa Cruz,70,43,24
SOUTH EAST HIGH SCHOOL,South Gate,Los Angeles,106,71,36
SOUTH EL MONTE HIGH SCHOOL,South El Monte,Los Angeles,72,35,17
SOUTH FORK HIGH SCHOOL,Miranda,Humboldt,8,7,4
SOUTH GATE HIGH SCHOOL,South Gate,Los Angeles,159,122,55
SOUTH HIGH SCHOOL,Bakersfield,Kern,67,48,23
SOUTH HIGH SCHOOL,Torrance,Los Angeles,213,130,73
SOUTH HILLS HIGH SCHOOL,West Covina,Los Angeles,89,54,26
SOUTH PASADENA HIGH SCHOOL,South Pasadena,Los Angeles,211,138,68
SOUTH SAN FRANCISCO HS,South San Francisco,San Mateo,52,31,14
SOUTH SUTTER CHARTER SCHOOL,Nicolaus,Sutter,,,
SOUTH TAHOE HIGH SCHOOL,South Lake Tahoe,El Dorado,24,16,10
SOUTHEAST ACADEMY HIGH SCHOOL,Norwalk,Los Angeles,,,
SOUTHWEST HIGH SCHOOL,El Centro,Imperial,77,44,27
SOUTHWEST HIGH SCHOOL,San Diego,San Diego,86,56,28
STEAM LEGACY HIGH SCHOOL CMPLX,South Gate,Los Angeles,58,47,24
STEELE CANYON HIGH SCHOOL,Spring Valley,San Diego,112,62,34
STELLA HIGH CHARTER ACADEMY,Los Angeles,Los Angeles,39,31,23
STELLAR SECONDARY CHARTER HS,Redding,Shasta,,,
STEM ACADEMY OF BOYLE HEIGHTS,Los Angeles,Los Angeles,6,,
STEM ACADEMY OF HOLLYWOOD,Hollywood,Los Angeles,55,36,19
STOCKDALE HIGH SCHOOL,Bakersfield,Kern,143,93,53
STOCKTON COLLEGIATE INTERNATIO,Stockton,San Joaquin,21,8,5
STOCKTON EARLY COLLEGE ACADEMY,Stockton,San Joaquin,72,52,26
STRATHMORE HIGH SCHOOL,Porterville,Tulare,6,4,
SULTANA HIGH SCHOOL,Hesperia,San Bernardino,43,18,8
SUMMERVILLE UNION HIGH SCHOOL,Tuolumne,Tuolumne,8,7,3
SUMMIT CHARTER COLLEGIATE ACAD,Porterville,Tulare,10,9,7
SUMMIT HIGH SCHOOL,Fontana,San Bernardino,96,59,37
SUMMIT LEADERSHIP ACADEMY,Hesperia,San Bernardino,,,
SUMMIT PREPARATORY CHARTER HIG,Redwood City,San Mateo,48,37,15
SUMMIT PUBLIC SCHOOL-RAINIER,San Jose,Santa Clara,54,38,26
SUMMIT PUBLIC SCHOOL-TAHOMA,San Jose,Santa Clara,41,28,19
SUMMIT PUBLIC SCHOOLS SHASTA,Daly City,San Mateo,50,33,23
SUN VALLEY HIGH SCHOOL,Sun Valley,Los Angeles,27,8,
SUN VALLEY MAGNET SCHOOL,Sun Valley,Los Angeles,22,11,6
SUNNY HILLS HIGH SCHOOL,Fullerton,Orange,226,148,61
SUNNYSIDE HIGH SCHOOL,Fresno,Fresno,119,76,23
SUNSET HIGH SCHOOL,Encinitas,San Diego,,,
SUSAN H. NELSON HIGH SCHOOL,Temecula,Riverside,,,
SUSAN MILLER DORSEY HIGH SCHL,Los Angeles,Los Angeles,37,12,
SUTTER HIGH SCHOOL,Sutter,Sutter,17,11,5
SWEETWATER SECONDARY SCHOOL,Chula Vista,San Diego,,,
SWEETWATER UNION HIGH SCHOOL,National City,San Diego,89,59,37
SYLMAR BIOTECH HLTH & ENG MGNT,Sylmar,Los Angeles,,,
SYLMAR HIGH SCHOOL,Sylmar,Los Angeles,114,54,27
SYLVESTER GREENWOOD ACADEMY,Richmond,Contra Costa,,,
SYNERGY QUANTUM ACADEMY,Los Angeles,Los Angeles,41,24,12
TAFT UNION HIGH SCHOOL,Taft,Kern,10,7,5
TAHOE TRUCKEE HIGH SCHOOL,Truckee,Placer,47,28,11
TAHQUITZ HIGH SCHOOL,Hemet,Riverside,62,30,18
TAMALPAIS ADULT EVENING HIGH SCHOOL,Mill Valley,Marin,,,
TAMALPAIS HIGH SCHOOL,Mill Valley,Marin,195,117,57
TAMISCAL HIGH SCHOOL,Larkspur,Marin,10,4,
TEACH TECH CHARTER HIGH SCHOOL,Los Angeles,Los Angeles,25,9,5
TECHNOLOGY HIGH SCHOOL,Rohnert Park,Sonoma,26,9,4
TECHNOLOGY PREPARATORY ACADEMY,San Fernando,Los Angeles,11,,
TEHACHAPI HIGH SCHOOL,Tehachapi,Kern,21,19,10
TEMECULA PREPARATORY SCHOOL,Winchester,Riverside,28,15,8
TEMECULA VALLEY HIGH SCHOOL,Temecula,Riverside,145,94,53
TEMESCAL CANYON HIGH SCHOOL,Lake Elsinore,Riverside,90,51,29
TEMPLE CITY HIGH SCHOOL,Temple City,Los Angeles,232,172,101
TEMPLETON HIGH SCHOOL,Templeton,San Luis Obispo,30,18,7
TEMPLETON INDEPENDENT STUDY HS,Templeton,San Luis Obispo,,,
TENNYSON HIGH SCHOOL,Hayward,Alameda,33,23,14
TERRA LINDA HIGH SCHOOL,San Rafael,Marin,90,67,30
TERRA NOVA HIGH SCHOOL,Pacifica,San Mateo,37,27,16
TESORO HIGH SCHOOL,Rancho San Margarit,Orange,187,107,56
THEODORE ROOSEVELT HIGH SCHOOL,Fresno,Fresno,44,31,6
THEODORE ROOSEVELT SENIOR HIGH,Los Angeles,Los Angeles,58,29,15
THOMAS DOWNEY HIGH SCHOOL,Modesto,Stanislaus,36,27,11
THOMAS JEFFERSON HIGH SCHOOL,Los Angeles,Los Angeles,40,16,8
THOUSAND OAKS HIGH SCHOOL,Thousand Oaks,Ventura,125,79,41
THURGOOD MARSHALL ACADEMIC HS,San Francisco,San Francisco,17,10,8
TOKAY HIGH SCHOOL,Lodi,San Joaquin,45,32,12
TOMALES HIGH SCHOOL,Tomales,Marin,12,5,
TORRANCE HIGH SCHOOL,Torrance,Los Angeles,145,85,52
TORREY PINES HIGH SCHOOL,San Diego,San Diego,335,208,121
TRABUCO HILLS HIGH SCHOOL,Mission Viejo,Orange,134,67,40
TRACY ADULT SCHOOL,Tracy,San Joaquin,,,
TRACY JOINT UNION HIGH SCHOOL,Tracy,San Joaquin,74,47,26
TRANQUILLITY HIGH SCHOOL,Tranquillity,Fresno,14,7,4
TRINITY HIGH SCHOOL,Weaverville,Trinity,,,
TROY HIGH SCHOOL,Fullerton,Orange,366,268,140
TULARE UNION HIGH SCHOOL,Tulare,Tulare,37,25,12
TULARE WESTERN HIGH SCHOOL,Tulare,Tulare,50,32,12
TULELAKE HIGH SCHOOL,Tulelake,Siskiyou,,,
TURLOCK HIGH SCHOOL,Turlock,Stanislaus,54,42,21
TUSTIN HIGH SCHOOL,Tustin,Orange,159,95,28
TWENTYNINE PALMS HIGH SCHOOL,Twentynine Palms,San Bernardino,17,11,8
UCLA COMMUNITY SCHOOL,Los Angeles,Los Angeles,36,29,15
UKIAH HIGH SCHOOL,Ukiah,Mendocino,41,24,17
UKIAH INDEPENDENT STUDY ACDMY,Ukiah,Mendocino,,,
ULYSSES S GRANT HIGH SCHOOL,Van Nuys,Los Angeles,84,51,26
UMOJA INTERNATIONAL ACADEMY,Sacramento,Sacramento,,,
UNION MINE HIGH SCHOOL,El Dorado,El Dorado,21,16,8
UNIVERSITY CITY HIGH,San Diego,San Diego,181,124,80
UNIVERSITY HIGH SCHOOL,Fresno,Fresno,77,52,31
UNIVERSITY HIGH SCHOOL,Los Angeles,Los Angeles,109,62,36
UNIVERSITY HIGH SCHOOL,Irvine,Orange,372,273,139
UNIVERSITY PREP ACADEMY,San Jose,Santa Clara,70,54,27
UNIVERSITY PREP VALUE HS,Los Angeles,Los Angeles,65,27,15
UNIVERSITY PREPARATORY SCHOOL,Redding,Shasta,47,35,17
UNIVERSITY PREPARATORY,Victorville,San Bernardino,122,70,35
UNIVERSITY PREPARTORY HIGH SCH,Visalia,Tulare,20,15,12
UPLAND HIGH SCHOOL,Upland,San Bernardino,170,85,44
UPLIFT CALIF SANTA BARBARA,Ontario,San Bernardino,,,
UPLIFT MONTEREY,Ontario,San Bernardino,,,
UPPER LAKE HIGH SCHOOL,Upper Lake,Lake,7,5,3
USC HYBRID HIGH COLLEGE PREP,Los Angeles,Los Angeles,64,56,28
USC MEDIA & ENGINEERING MAGNET SCH,Los Angeles,Los Angeles,29,17,10
VACAVILLE HIGH SCHOOL,Vacaville,Solano,52,30,23
VAL VERDE ACADEMY,Perris,Riverside,,,
VALENCIA HIGH SCHOOL,Placentia,Orange,188,137,82
VALENCIA HIGH SCHOOL,Valencia,Los Angeles,144,84,45
VALHALLA HIGH SCHOOL,El Cajon,San Diego,88,47,26
VALIANT ACADEMY OF LOS ANGELES,Ontario,San Bernardino,,,
VALIANT ACADEMY SOUTHERN CAL,Ontario,San Bernardino,,,
VALLEJO HIGH SCHOOL,Vallejo,Solano,27,17,8
VALLEY ACADEMY ARTS & SCIENCES,Granada Hills,Los Angeles,42,24,14
VALLEY CENTER HIGH SCHOOL,Valley Center,San Diego,50,25,14
VALLEY COLLEGE HIGH SCHOOL,Modesto,Stanislaus,,,
VALLEY HIGH SCHOOL,Sacramento,Sacramento,53,40,18
VALLEY HIGH SCHOOL,Santa Ana,Orange,135,83,48
VALLEY INTERNATIONAL PREP HS,Northridge,Los Angeles,23,8,
VALLEY OAKS CHARTER SCHOOL,Bakersfield,Kern,,,
VALLEY OAKS SCHOOL,Petaluma,Sonoma,,,
VALLEY VIEW CHARTER PREP,Tracy,San Joaquin,,,
VALLEY VIEW HIGH SCHOOL,Moreno Valley,Riverside,133,72,47
VALOR ACADEMY HIGH SCHOOL,North Hills,Los Angeles,32,21,12
VAN NUYS HIGH SCHOOL,Van Nuys,Los Angeles,179,118,77
VANDEN HIGH SCHOOL,Fairfield,Solano,72,34,23
VASQUEZ HIGH SCHOOL,Acton,Los Angeles,6,4,
VAUGHN NEXT CENTURY LEARN CTR,San Fernando,Los Angeles,45,18,9
VENICE HIGH SCHOOL,Los Angeles,Los Angeles,140,89,57
VENTURA HIGH SCHOOL,Ventura,Ventura,87,57,29
VENTURE ACADEMY,Stockton,San Joaquin,16,10,3
VENTURE SCHOOL,San Ramon,Contra Costa,,,
VERDUGO ACADEMY,La Crescenta,Los Angeles,,,
VERDUGO HILLS HIGH SCHOOL,Tujunga,Los Angeles,61,39,23
VICTOR VALLEY HIGH SCHOOL,Victorville,San Bernardino,69,36,13
VIEW PARK PREP ACCEL CHARTER HS,Los Angeles,Los Angeles,38,13,7
VILLA PARK HIGH SCHOOL,Villa Park,Orange,140,88,51
VILLAGE ACADEMY HIGH SCHOOL,Pomona,Los Angeles,15,5,
VINEYARD ALTERNATIVE SCHOOL,Livermore,Alameda,,,
VINTAGE HIGH SCHOOL,Napa,Napa,84,43,23
VISALIA CHARTER INDPT STUDY,Visalia,Tulare,,,
VISALIA TECHNICAL EDU CENTER,Visalia,Tulare,,,
VISIONS IN EDUCATION,Carmichael,Sacramento,19,11,7
VISTA DEL LAGO HIGH SCHOOL,Moreno Valley,Riverside,111,66,41
VISTA DEL LAGO HIGH SCHOOL,Folsom,Sacramento,131,84,43
VISTA HIGH SCHOOL,Richmond,Contra Costa,,,
VISTA HIGH SCHOOL,Vista,San Diego,58,36,16
VISTA MURRIETA HIGH SCHOOL,Murrieta,Riverside,165,94,64
VISTA OAKS CHARTER SCHOOL,Lodi,San Joaquin,,,
VISTA REAL CHARTER HIGH SCHOOL,Oxnard,Ventura,,,
W C OVERFELT HIGH SCHOOL,San Jose,Santa Clara,64,34,14
WALLIS ANNENBERG HIGH SCHOOL,Los Angeles,Los Angeles,48,14,7
WALNUT HIGH SCHOOL,Walnut,Los Angeles,357,276,161
WALNUTWOOD HIGH SCHOOL,Rancho Cordova,Sacramento,,,
WARNER HIGH SCHOOL,Warner Springs,San Diego,,,
WARREN HIGH SCHOOL,Downey,Los Angeles,167,91,37
WASCO UNION HIGH SCHOOL,Wasco,Kern,59,43,16
WASHINGTON HIGH SCHOOL,Fremont,Alameda,156,100,60
WASHINGTON UNION HIGH SCHOOL,Fresno,Fresno,26,13,5
WATERFORD HIGH SCHOOL,Waterford,Stanislaus,18,10,4
WATSONVILLE HIGH SCHOOL,Watsonville,Santa Cruz,72,43,23
WEBER INST OF APPLIED SCI TECH,Stockton,San Joaquin,14,9,
WEED HIGH SCHOOL,Weed,Siskiyou,5,,
WESM ENVIRONMENTAL AND NATURAL,Los Angeles,Los Angeles,,,
WESM HEALTH & SPORTS MEDICAL HS,Los Angeles,Los Angeles,,,
WESM-AVIATION & AEROSPACE,Los Angeles,Los Angeles,,,
WEST ADAMS PREPARATORY HS,Los Angeles,Los Angeles,89,42,17
WEST CAMPUS HIGH SCHOOL,Sacramento,Sacramento,95,69,33
WEST COVINA HIGH SCHOOL,West Covina,Los Angeles,126,80,34
WEST HIGH SCHOOL,Bakersfield,Kern,53,31,10
WEST HIGH SCHOOL,Torrance,Los Angeles,173,102,60
WEST HILLS HIGH SCHOOL,Santee,San Diego,60,32,19
WEST RANCH HIGH SCHOOL,Valencia,Los Angeles,237,137,66
WEST SHORES HIGH SCHOOL,Thermal,Riverside,7,6,3
WEST VALLEY HIGH SCHOOL,Cottonwood,Shasta,19,11,3
WEST VALLEY HIGH SCHOOL,Hemet,Riverside,82,48,30
WESTCHESTER ENRICHED SCIENCE MAGNET,Los Angeles,Los Angeles,49,20,10
WESTERN CENTER ACADEMY,Hemet,Riverside,34,22,8
WESTERN HIGH SCHOOL,Anaheim,Orange,55,25,11
WESTERN SIERRA COLLEGIATE ACAD,Rocklin,Placer,29,20,14
WESTLAKE HIGH SCHOOL,Westlake Village,Ventura,226,146,70
WESTMINSTER HIGH SCHOOL,Westminster,Orange,143,81,46
WESTMONT HIGH SCHOOL,Campbell,Santa Clara,108,59,34
WESTMOOR HIGH SCHOOL,Daly City,San Mateo,93,53,32
WESTON RANCH HIGH SCHOOL,Stockton,San Joaquin,32,19,11
WESTVIEW HIGH SCHOOL,San Diego,San Diego,299,210,126
WHEATLAND HIGH SCHOOL,Wheatland,Yuba,17,12,10
WHITMORE CHARTER HIGH SCHOOL,Ceres,Stanislaus,,,
WHITNEY HIGH SCHOOL,Rocklin,Placer,95,60,32
WHITTIER HIGH SCHOOL,Whittier,Los Angeles,80,40,18
WILL C WOOD HIGH SCHOOL,Vacaville,Solano,52,32,23
WILLIAM AND MARIAN GHIDOTTI HS,Grass Valley,Nevada,26,17,6
WILLIAM HOWARD TAFT HS,Woodland Hills,Los Angeles,103,51,31
WILLIAM J PETE KNIGHT HIGH SCH,Palmdale,Los Angeles,127,60,29
WILLIAM S HART HIGH SCHOOL,Newhall,Los Angeles,130,65,32
WILLIAMS HIGH SCHOOL,Williams,Colusa,7,5,
WILLITS HIGH SCHOOL,Willits,Mendocino,6,6,4
WILLOW GLEN HIGH SCHOOL,San Jose,Santa Clara,103,59,27
WILLOWS HIGH SCHOOL,Willows,Glenn,5,4,4
WILMER AMINA CARTER HS,Rialto,San Bernardino,89,56,33
WILSON HIGH SCHOOL,Santa Clara,Santa Clara,,,
WINDSOR HIGH SCHOOL,Windsor,Sonoma,71,34,19
WINTERS HIGH SCHOOL,Winters,Yolo,14,8,7
WONDERFUL COLLEGE PREP ACADEMY,Delano,Kern,74,51,28
WOODBRIDGE HIGH SCHOOL,Irvine,Orange,296,206,119
WOODCREEK HIGH SCHOOL,Roseville,Placer,77,38,26
WOODLAKE HIGH SCHOOL,Woodlake,Tulare,15,9,5
WOODLAND HIGH SCHOOL,Woodland,Yolo,56,42,21
WOODROW WILSON HIGH SCHOOL,Long Beach,Los Angeles,215,124,62
WOODROW WILSON HIGH SCHOOL,Los Angeles,Los Angeles,90,39,15
WOODSIDE HIGH SCHOOL,Woodside,San Mateo,130,75,31
WORKMAN HIGH SCHOOL,City Of Industry,Los Angeles,42,21,8
YERBA BUENA HIGH SCHOOL,San Jose,Santa Clara,108,64,42
YGNACIO VALLEY HIGH SCHOOL,Concord,Contra Costa,40,24,15
YORBA LINDA HIGH SCHOOL,Yorba Linda,Orange,140,90,39
YOSEMITE FALLS EDUCATION CTR,Oakhurst,Madera,,,
YOSEMITE HIGH SCHOOL,Oakhurst,Madera,31,21,8
YREKA HIGH SCHOOL,Yreka,Siskiyou,13,11,4
YUBA CITY HIGH SCHOOL,Yuba City,Sutter,55,31,16
YUCAIPA SENIOR HIGH SCHOOL,Yucaipa,San Bernardino,86,51,28
YUCCA VALLEY HIGH SCHOOL,Yucca Valley,San Bernardino,24,21,12
ZANE GREY HIGH SCHOOL,Reseda,Los Angeles,,,
