Rk,Player,Pos,Age,Tm,G,GS,MP,FG,FGA,FG%,3P,3PA,3P%,2P,2PA,2P%,eFG%,FT,FTA,FT%,ORB,DRB,TRB,AST,STL,BLK,TOV,PF,PTS,Player-additional
1,Precious Achiuwa,PF-C,24,TOT,55,16,22.5,3.4,6.8,.504,0.4,1.5,.259,3.1,5.3,.571,.532,1.0,1.6,.621,2.7,3.9,6.5,1.3,0.7,0.9,1.1,1.9,8.2,achiupr01
1,Precious Achiuwa,C,24,TOR,25,0,17.5,3.1,6.8,.459,0.5,1.9,.277,2.6,4.9,.528,.497,1.0,1.7,.571,2.0,3.4,5.4,1.8,0.6,0.5,1.2,1.6,7.7,achiupr01
1,Precious Achiuwa,PF,24,NYK,30,16,26.7,3.7,6.8,.541,0.3,1.1,.235,3.4,5.7,.602,.561,1.0,1.5,.667,3.2,4.2,7.4,1.0,0.7,1.2,1.0,2.2,8.7,achiupr01
2,Bam Adebayo,C,26,MIA,51,51,34.6,7.8,15.1,.516,0.0,0.2,.083,7.8,14.9,.522,.516,4.8,6.1,.776,2.2,8.1,10.3,4.0,1.0,1.0,2.5,2.5,20.4,adebaba01
3,Ochai Agbaji,SG,23,TOT,61,12,19.0,2.1,5.1,.416,0.9,2.8,.320,1.2,2.3,.536,.505,0.3,0.5,.750,0.7,1.7,2.5,0.9,0.5,0.5,0.7,1.3,5.5,agbajoc01
3,Ochai Agbaji,SG,23,UTA,51,10,19.7,2.1,4.9,.426,0.9,2.8,.331,1.2,2.1,.551,.520,0.3,0.4,.750,0.7,1.8,2.5,0.9,0.5,0.6,0.7,1.3,5.4,agbajoc01
3,Ochai Agbaji,SG,23,TOR,10,2,15.9,2.3,6.1,.377,0.8,3.0,.267,1.5,3.1,.484,.443,0.6,0.8,.750,1.0,1.4,2.4,0.8,0.3,0.4,0.8,1.3,6.0,agbajoc01
4,Santi Aldama,PF,23,MEM,51,25,25.5,4.0,9.4,.429,1.7,4.9,.345,2.3,4.4,.522,.520,0.8,1.3,.612,1.2,4.4,5.6,2.3,0.6,0.7,1.2,1.5,10.5,aldamsa01
5,Nickeil Alexander-Walker,SG,25,MIN,62,17,23.0,2.6,6.1,.427,1.5,3.9,.378,1.1,2.2,.515,.548,0.6,0.7,.778,0.4,1.6,2.0,2.6,0.8,0.5,0.9,1.8,7.2,alexani01
6,Grayson Allen,SG,28,PHO,56,56,33.4,4.3,8.6,.495,2.6,5.5,.471,1.7,3.1,.538,.646,1.7,1.9,.890,0.6,3.3,3.9,3.1,0.9,0.6,1.3,2.2,12.9,allengr01
7,Jarrett Allen,C,25,CLE,57,57,31.4,6.5,10.3,.632,0.0,0.1,.000,6.5,10.2,.637,.632,2.9,3.9,.734,3.4,7.2,10.6,2.7,0.7,1.1,1.7,2.1,15.9,allenja01
8,Jose Alvarado,PG,25,NOP,41,0,17.1,2.5,6.1,.414,1.2,3.5,.352,1.3,2.6,.500,.516,0.7,1.0,.675,0.4,1.8,2.2,2.0,1.1,0.3,0.8,1.5,7.0,alvarjo01
9,Kyle Anderson,PF,30,MIN,60,4,22.0,2.4,5.2,.469,0.1,0.6,.216,2.3,4.5,.504,.482,1.3,1.8,.717,0.8,2.8,3.5,4.1,0.8,0.5,1.3,1.5,6.2,anderky01
10,Giannis Antetokounmpo,PF,29,MIL,60,60,34.9,11.5,18.5,.618,0.5,1.8,.302,10.9,16.8,.651,.632,7.3,11.0,.661,2.6,8.7,11.2,6.3,1.3,1.0,3.4,2.9,30.7,antetgi01
11,Thanasis Antetokounmpo,PF,31,MIL,27,0,4.7,0.4,0.9,.500,0.0,0.0,.000,0.4,0.9,.522,.500,0.0,0.1,.000,0.2,0.1,0.4,0.5,0.2,0.1,0.4,0.8,0.9,antetth01
12,Cole Anthony,PG,23,ORL,62,0,23.0,4.1,9.5,.432,1.0,3.3,.319,3.1,6.2,.492,.487,2.5,3.0,.833,0.8,3.2,4.0,3.0,0.8,0.4,1.7,2.5,11.8,anthoco01
13,OG Anunoby,SF,26,TOT,41,41,34.1,5.8,11.7,.498,2.1,5.5,.379,3.7,6.1,.606,.588,1.6,2.0,.774,1.0,3.2,4.2,2.3,1.3,0.7,1.5,2.3,15.3,anunoog01
13,OG Anunoby,SF,26,TOR,27,27,33.3,5.8,11.9,.489,2.3,6.0,.374,3.6,5.9,.608,.584,1.2,1.7,.717,0.9,3.0,3.9,2.7,1.0,0.5,1.6,2.3,15.1,anunoog01
13,OG Anunoby,SF,26,NYK,14,14,35.7,5.8,11.2,.516,1.8,4.6,.391,4.0,6.6,.602,.596,2.3,2.7,.842,1.1,3.6,4.6,1.5,1.8,1.1,1.4,2.4,15.6,anunoog01
14,Ryan Arcidiacono,PG,29,NYK,20,0,2.3,0.0,0.3,.000,0.0,0.3,.000,0.0,0.0,,.000,0.0,0.0,,0.0,0.4,0.4,0.2,0.1,0.0,0.1,0.3,0.0,arcidry01
15,Deni Avdija,SF,23,WAS,59,59,28.6,5.1,10.0,.503,1.2,2.9,.399,3.9,7.1,.547,.562,2.4,3.2,.747,1.1,5.6,6.7,3.7,0.8,0.4,2.0,2.5,13.7,avdijde01
16,Deandre Ayton,C,25,POR,40,40,31.6,6.6,11.6,.570,0.0,0.0,,6.6,11.6,.570,.570,1.1,1.3,.824,3.0,7.6,10.6,1.7,1.1,0.8,1.7,2.2,14.3,aytonde01
17,Udoka Azubuike,C,24,PHO,14,0,7.6,1.1,1.6,.727,0.0,0.0,,1.1,1.6,.727,.727,0.2,0.8,.273,0.8,1.5,2.3,0.2,0.1,0.4,0.3,1.2,2.5,azubuud01
18,Ibou Badji,C,21,POR,18,1,11.3,0.7,1.1,.632,0.0,0.0,,0.7,1.1,.632,.632,0.3,0.6,.500,1.1,1.6,2.7,0.7,0.1,1.1,0.8,2.3,1.6,badjiib01
19,Marvin Bagley III,C,24,TOT,44,22,21.2,4.7,8.2,.575,0.1,0.4,.294,4.6,7.8,.589,.582,2.0,2.7,.748,2.7,3.5,6.2,1.2,0.4,0.6,1.2,1.8,11.5,baglema01
19,Marvin Bagley III,C,24,DET,26,10,18.4,4.1,7.0,.591,0.0,0.2,.167,4.1,6.7,.606,.594,1.9,2.3,.820,1.8,2.8,4.5,1.0,0.2,0.5,1.1,1.5,10.2,baglema01
19,Marvin Bagley III,C,24,WAS,18,12,25.2,5.6,9.9,.559,0.2,0.6,.364,5.3,9.3,.571,.570,2.2,3.2,.672,4.1,4.5,8.6,1.5,0.7,0.8,1.3,2.1,13.5,baglema01
20,Amari Bailey,PG,19,CHO,3,0,5.0,0.7,2.3,.286,0.0,1.0,.000,0.7,1.3,.500,.286,0.3,0.7,.500,0.7,0.0,0.7,0.3,0.0,0.0,0.3,0.0,1.7,baileam01
21,Patrick Baldwin Jr.,SF,21,WAS,20,0,7.6,0.9,2.4,.383,0.6,1.4,.407,0.4,1.0,.350,.500,0.4,0.6,.667,0.4,1.8,2.2,0.4,0.1,0.2,0.3,1.1,2.8,baldwpa01
22,LaMelo Ball,PG,22,CHO,22,22,32.3,8.3,19.2,.433,3.2,9.0,.355,5.1,10.3,.500,.515,4.1,4.7,.865,1.3,3.8,5.1,8.0,1.8,0.2,3.8,3.6,23.9,ballla01
23,Mo Bamba,C,25,PHI,40,3,11.0,1.5,3.3,.469,0.4,0.8,.424,1.2,2.4,.485,.523,0.5,0.8,.636,1.4,2.4,3.8,0.7,0.3,1.0,0.7,1.6,3.9,bambamo01
24,Paolo Banchero,PF,21,ORL,61,61,34.8,8.2,17.7,.462,1.5,4.2,.362,6.7,13.5,.493,.505,5.0,7.1,.707,1.1,5.7,6.8,5.2,1.0,0.5,3.1,2.0,22.9,banchpa01
25,Desmond Bane,SG,25,MEM,37,37,34.5,8.9,18.8,.474,3.3,8.6,.384,5.6,10.2,.551,.563,3.3,3.8,.864,0.9,3.6,4.6,5.3,1.0,0.5,2.7,2.9,24.4,banede01
26,Dalano Banton,PG,24,TOT,34,3,10.9,1.8,4.4,.407,0.4,1.4,.245,1.4,3.0,.485,.447,1.0,1.5,.700,0.7,1.4,2.2,1.2,0.3,0.2,0.7,1.0,5.0,bantoda01
26,Dalano Banton,PG,24,BOS,24,1,7.1,0.8,2.1,.373,0.1,0.7,.125,0.7,1.5,.486,.392,0.7,0.8,.800,0.5,1.0,1.5,0.8,0.2,0.1,0.4,0.8,2.3,bantoda01
26,Dalano Banton,PG,24,POR,10,2,19.8,4.2,9.9,.424,1.0,3.3,.303,3.2,6.6,.485,.475,1.9,3.0,.633,1.3,2.6,3.9,2.2,0.5,0.4,1.3,1.4,11.3,bantoda01
27,Dominick Barlow,PF,20,SAS,24,1,12.8,1.7,3.5,.476,0.1,0.3,.429,1.5,3.2,.481,.494,0.9,1.4,.647,1.4,2.1,3.5,1.1,0.4,0.5,0.2,1.4,4.4,barlodo01
28,Harrison Barnes,PF,31,SAC,61,61,29.3,4.2,8.7,.487,1.9,4.7,.398,2.3,3.9,.594,.596,1.8,2.2,.803,0.8,2.1,2.9,1.1,0.7,0.2,0.7,1.3,12.1,barneha02
29,Scottie Barnes,SG,22,TOR,60,60,34.9,7.5,15.7,.475,1.7,4.9,.341,5.8,10.8,.536,.528,3.3,4.2,.781,2.4,5.9,8.2,6.1,1.3,1.5,2.8,2.0,19.9,barnesc01
30,RJ Barrett,SG,23,TOT,51,51,31.4,7.2,14.7,.487,1.6,4.4,.363,5.6,10.3,.540,.541,3.4,4.8,.703,0.8,4.5,5.3,3.1,0.5,0.4,2.0,2.1,19.4,barrerj01
30,RJ Barrett,SG,23,NYK,26,26,29.5,6.3,14.9,.423,1.7,5.0,.331,4.7,9.9,.469,.478,4.0,4.8,.831,0.7,3.5,4.3,2.4,0.5,0.3,1.8,1.7,18.2,barrerj01
30,RJ Barrett,SG,23,TOR,25,25,33.4,8.1,14.6,.555,1.6,3.8,.406,6.5,10.7,.608,.609,2.8,4.9,.574,1.0,5.4,6.4,3.8,0.6,0.4,2.2,2.6,20.5,barrerj01
31,Charles Bassey,C,23,SAS,19,0,10.8,1.5,2.1,.725,0.0,0.1,.000,1.5,2.1,.744,.725,0.3,0.3,.833,1.2,2.8,4.0,1.1,0.4,0.9,0.8,1.6,3.3,bassech01
32,Emoni Bates,SF,20,CLE,10,0,7.6,0.6,2.5,.240,0.5,2.0,.250,0.1,0.5,.200,.340,0.1,0.2,.500,0.1,0.9,1.0,0.6,0.1,0.2,0.1,0.5,1.8,batesem01
33,Keita Bates-Diop,SF,28,TOT,47,8,13.7,1.5,3.4,.438,0.4,1.5,.304,1.1,2.0,.538,.503,0.6,0.9,.750,0.6,1.6,2.2,0.8,0.5,0.5,0.3,0.7,4.1,bateske01
33,Keita Bates-Diop,SF,28,PHO,39,8,15.3,1.6,3.8,.427,0.5,1.6,.313,1.1,2.2,.512,.493,0.7,0.9,.722,0.8,1.8,2.6,0.9,0.6,0.5,0.3,0.8,4.5,bateske01
33,Keita Bates-Diop,SF,28,BRK,8,0,5.9,0.9,1.5,.583,0.1,0.6,.200,0.8,0.9,.857,.625,0.5,0.5,1.000,0.0,0.5,0.5,0.3,0.1,0.3,0.3,0.1,2.4,bateske01
34,Nicolas Batum,PF,35,TOT,42,30,24.3,2.0,4.1,.480,1.2,2.9,.421,0.7,1.2,.620,.629,0.3,0.5,.737,1.2,2.7,4.0,2.1,0.7,0.7,0.6,2.0,5.5,batumni01
34,Nicolas Batum,PF,35,LAC,3,0,18.0,1.0,2.7,.375,0.7,2.3,.286,0.3,0.3,1.000,.500,0.0,0.0,,0.0,2.3,2.3,1.7,1.0,1.3,0.3,1.7,2.7,batumni01
34,Nicolas Batum,PF,35,PHI,39,30,24.8,2.0,4.2,.485,1.3,2.9,.430,0.8,1.3,.612,.635,0.4,0.5,.737,1.3,2.7,4.1,2.2,0.7,0.7,0.6,2.0,5.7,batumni01
35,Darius Bazley,PF,23,PHI,3,0,3.3,0.0,0.3,.000,0.0,0.0,,0.0,0.3,.000,.000,0.0,0.0,,0.0,0.3,0.3,0.7,0.0,0.0,0.3,0.0,0.0,bazleda01
36,Bradley Beal,SG,30,PHO,33,33,32.4,7.1,14.2,.496,1.7,4.4,.377,5.4,9.8,.549,.554,2.4,3.1,.782,0.9,3.4,4.2,4.5,0.9,0.3,2.5,2.5,18.2,bealbr01
37,Malik Beasley,SG,27,MIL,61,61,29.5,4.1,8.9,.458,2.9,6.6,.435,1.2,2.3,.525,.620,0.3,0.4,.630,0.6,3.2,3.9,1.4,0.9,0.1,0.7,2.1,11.3,beaslma01
38,MarJon Beauchamp,SF,23,MIL,45,1,13.1,1.6,3.4,.477,0.6,1.6,.394,1.0,1.9,.548,.568,0.4,0.6,.679,0.5,1.6,2.1,0.7,0.3,0.1,0.6,1.2,4.3,beaucma01
39,Jules Bernard,SG,24,WAS,8,0,4.5,0.5,1.6,.308,0.3,1.1,.222,0.3,0.5,.500,.385,0.1,0.3,.500,0.4,0.4,0.8,0.6,0.1,0.1,0.3,0.5,1.4,bernaju01
40,Dāvis Bertāns,PF,31,TOT,24,0,9.8,1.6,3.7,.438,1.5,3.4,.439,0.1,0.3,.429,.640,0.7,0.8,.889,0.1,0.9,1.0,0.6,0.3,0.2,0.1,0.9,5.4,bertada01
40,Dāvis Bertāns,PF,31,OKC,15,0,6.1,0.7,1.7,.385,0.7,1.6,.417,0.0,0.1,.000,.577,0.9,1.0,.933,0.1,0.5,0.7,0.6,0.2,0.2,0.1,0.7,2.9,bertada01
40,Dāvis Bertāns,PF,31,CHO,9,0,16.0,3.2,7.0,.460,2.9,6.4,.448,0.3,0.6,.600,.667,0.2,0.3,.667,0.0,1.4,1.4,0.6,0.3,0.2,0.1,1.2,9.6,bertada01
41,Patrick Beverley,PG,35,TOT,58,6,19.3,2.2,5.2,.422,0.8,2.4,.336,1.4,2.8,.497,.500,1.0,1.3,.808,0.7,2.5,3.2,2.9,0.6,0.4,1.0,1.7,6.2,beverpa01
41,Patrick Beverley,PG,35,PHI,47,5,19.6,2.2,5.1,.432,0.7,2.3,.321,1.5,2.8,.523,.504,1.1,1.3,.810,0.6,2.4,3.1,3.1,0.5,0.4,1.0,1.8,6.3,beverpa01
41,Patrick Beverley,PG,35,MIL,11,1,18.3,2.1,5.5,.383,1.1,2.8,.387,1.0,2.6,.379,.483,0.7,0.9,.800,0.9,2.6,3.5,2.3,0.9,0.5,0.9,1.5,6.0,beverpa01
42,Saddiq Bey,SF,24,ATL,61,49,32.7,4.7,11.0,.424,1.8,5.6,.320,2.9,5.4,.533,.506,2.7,3.2,.841,2.7,3.9,6.5,1.4,0.8,0.2,0.8,1.4,13.9,beysa01
43,Goga Bitadze,C,24,ORL,51,33,17.6,2.3,3.8,.606,0.0,0.2,.167,2.3,3.5,.635,.611,1.0,1.5,.658,2.0,3.3,5.3,1.5,0.6,1.4,0.8,2.0,5.6,bitadgo01
44,Onuralp Bitim,SG,24,CHI,6,0,11.5,0.8,2.8,.294,0.7,1.8,.364,0.2,1.0,.167,.412,0.5,0.7,.750,0.2,1.7,1.8,0.3,0.0,0.2,0.5,0.8,2.8,bitimon01
45,Bismack Biyombo,C,31,TOT,34,27,21.8,2.0,3.6,.553,0.0,0.0,,2.0,3.6,.553,.553,0.6,1.4,.478,1.7,4.0,5.7,1.5,0.3,1.0,1.1,2.6,4.6,biyombi01
45,Bismack Biyombo,C,31,MEM,30,27,23.9,2.2,4.0,.563,0.0,0.0,,2.2,4.0,.563,.563,0.7,1.5,.478,1.9,4.5,6.4,1.7,0.3,1.1,1.3,2.7,5.2,biyombi01
45,Bismack Biyombo,C,31,OKC,4,0,5.8,0.3,1.0,.250,0.0,0.0,,0.3,1.0,.250,.250,0.0,0.0,,0.5,0.5,1.0,0.3,0.0,0.3,0.3,1.3,0.5,biyombi01
46,Anthony Black,PG,20,ORL,57,32,18.5,1.8,3.8,.475,0.6,1.5,.410,1.2,2.4,.515,.553,0.8,1.3,.640,0.5,1.8,2.3,1.5,0.6,0.3,0.9,1.8,5.1,blackan01
47,Leaky Black,SF,24,CHO,22,3,9.9,0.8,1.8,.436,0.3,0.7,.467,0.5,1.1,.417,.526,0.4,0.6,.643,0.4,1.4,1.7,0.8,0.2,0.3,0.2,0.7,2.3,blackle01
48,Bogdan Bogdanović,SG,31,ATL,60,14,29.4,5.9,13.9,.426,3.0,8.2,.368,2.9,5.6,.510,.535,1.8,2.0,.923,0.6,2.7,3.3,2.9,1.3,0.3,1.3,2.3,16.6,bogdabo01
49,Bojan Bogdanović,PF-SF,34,TOT,37,27,31.1,6.6,14.4,.458,2.9,7.2,.404,3.7,7.2,.511,.559,2.7,3.5,.789,0.5,2.8,3.3,2.2,0.8,0.1,2.1,2.2,18.8,bogdabo02
49,Bojan Bogdanović,PF,34,DET,28,27,32.9,7.1,15.2,.468,3.1,7.4,.415,4.0,7.8,.518,.569,2.9,3.7,.779,0.5,2.9,3.4,2.5,0.8,0.1,2.3,2.0,20.2,bogdabo02
49,Bojan Bogdanović,SF,34,NYK,9,0,25.4,5.0,12.0,.417,2.4,6.7,.367,2.6,5.3,.479,.519,2.2,2.7,.833,0.4,2.7,3.1,1.2,0.6,0.1,1.4,2.6,14.7,bogdabo02
50,Bol Bol,PF,24,PHO,24,0,11.0,2.3,3.8,.600,0.3,1.1,.296,1.9,2.6,.730,.644,0.3,0.4,.700,1.0,2.4,3.3,0.5,0.2,0.7,0.5,1.3,5.1,bolbo01
51,Marques Bolden,C,25,TOT,4,0,4.0,0.0,0.3,.000,0.0,0.0,,0.0,0.3,.000,.000,0.0,0.0,,0.0,0.8,0.8,0.0,0.0,0.0,0.3,0.5,0.0,boldema01
51,Marques Bolden,C,25,MIL,2,0,1.5,0.0,0.0,,0.0,0.0,,0.0,0.0,,,0.0,0.0,,0.0,1.0,1.0,0.0,0.0,0.0,0.0,0.5,0.0,boldema01
51,Marques Bolden,C,25,CHO,2,0,6.5,0.0,0.5,.000,0.0,0.0,,0.0,0.5,.000,.000,0.0,0.0,,0.0,0.5,0.5,0.0,0.0,0.0,0.5,0.5,0.0,boldema01
52,Devin Booker,PG,27,PHO,50,50,35.8,9.6,19.4,.494,2.2,5.8,.379,7.4,13.6,.543,.551,6.1,7.0,.880,0.7,3.9,4.6,6.8,0.9,0.4,2.6,3.0,27.5,bookede01
53,Brandon Boston Jr.,SF,22,LAC,19,0,6.8,1.4,3.4,.422,0.3,1.1,.300,1.1,2.3,.477,.469,0.6,0.7,.857,0.4,0.4,0.8,0.3,0.1,0.1,0.4,0.9,3.8,bostobr01
54,Chris Boucher,PF,31,TOR,48,0,13.5,2.1,4.3,.490,0.6,1.9,.319,1.5,2.4,.626,.561,1.3,1.8,.753,1.2,2.8,4.0,0.4,0.3,0.4,0.5,1.3,6.1,bouchch01
55,James Bouknight,SG,23,CHO,14,0,5.8,1.3,2.9,.439,0.9,2.1,.433,0.4,0.8,.455,.598,0.1,0.1,.500,0.1,0.6,0.6,0.4,0.1,0.1,0.1,0.2,3.6,bouknja01
56,Jamaree Bouyea,PG,24,POR,6,0,9.5,0.8,3.5,.238,0.0,1.3,.000,0.8,2.2,.385,.238,0.0,0.0,,0.3,1.3,1.7,1.3,0.0,0.0,1.3,0.5,1.7,bouyeja01
57,Malaki Branham,PG,20,SAS,57,22,20.6,3.5,8.0,.436,1.1,3.2,.335,2.4,4.7,.506,.504,0.6,0.7,.947,0.4,1.6,2.0,2.2,0.4,0.1,1.1,1.2,8.7,branhma01
58,Christian Braun,SG,22,DEN,62,1,19.2,2.5,5.7,.439,0.6,1.8,.345,1.9,3.8,.483,.494,1.2,1.7,.705,0.9,2.7,3.5,1.4,0.5,0.4,0.7,1.5,6.8,braunch01
59,Mikal Bridges,SF,27,BRK,62,62,35.2,7.4,16.7,.444,2.5,7.0,.357,4.9,9.7,.507,.519,3.7,4.5,.814,0.8,4.0,4.8,3.7,1.0,0.4,2.1,1.5,21.0,bridgmi01
60,Miles Bridges,SF,25,CHO,51,49,37.4,8.1,17.7,.457,2.4,6.5,.368,5.7,11.1,.510,.526,2.5,3.0,.848,1.0,6.4,7.4,3.3,1.1,0.5,2.0,1.9,21.1,bridgmi02
61,Oshae Brissett,SF,25,BOS,40,0,10.7,1.3,2.8,.455,0.3,1.1,.279,1.0,1.7,.567,.509,0.9,1.4,.655,0.9,1.8,2.8,0.8,0.4,0.1,0.3,1.0,3.7,brissos01
62,Izaiah Brockington,PG,24,NOP,1,0,3.0,2.0,5.0,.400,0.0,1.0,.000,2.0,4.0,.500,.400,0.0,0.0,,1.0,1.0,2.0,0.0,0.0,0.0,0.0,0.0,4.0,brockiz01
63,Malcolm Brogdon,PG,31,POR,39,25,28.7,5.6,12.7,.440,2.1,5.1,.412,3.5,7.6,.458,.522,2.4,3.0,.819,0.7,3.1,3.8,5.5,0.7,0.2,1.5,1.5,15.7,brogdma01
64,Armoni Brooks,PG,25,BRK,10,0,10.4,1.5,4.6,.326,1.1,3.2,.344,0.4,1.4,.286,.446,0.1,0.2,.500,0.7,1.1,1.8,0.5,0.1,0.1,0.3,0.3,4.2,brookar01
65,Dillon Brooks,SF,28,HOU,53,53,31.5,4.7,10.8,.436,1.9,5.0,.378,2.8,5.8,.485,.524,1.8,2.2,.835,0.8,2.8,3.6,1.7,0.9,0.1,1.3,3.4,13.2,brookdi01
66,Bruce Brown,SG-PG,27,TOT,52,38,28.1,4.1,8.8,.463,0.8,2.7,.304,3.3,6.2,.531,.509,1.8,2.1,.864,0.8,3.6,4.4,2.7,0.9,0.3,1.1,2.3,10.8,brownbr01
66,Bruce Brown,SG,27,IND,33,33,29.7,4.5,9.5,.475,1.0,3.1,.327,3.5,6.5,.545,.527,2.0,2.5,.817,0.8,3.9,4.7,3.0,1.1,0.2,1.2,2.5,12.1,brownbr01
66,Bruce Brown,PG,27,TOR,19,5,25.4,3.3,7.6,.438,0.5,1.9,.243,2.8,5.6,.505,.469,1.5,1.5,1.000,0.9,3.1,4.1,2.2,0.7,0.4,0.9,1.9,8.6,brownbr01
67,Charlie Brown Jr.,SG,26,NYK,7,0,5.1,0.3,1.4,.200,0.3,1.0,.286,0.0,0.4,.000,.300,0.0,0.0,,0.1,0.1,0.3,0.0,0.0,0.3,0.3,0.7,0.9,brownch02
68,Greg Brown III,PF,22,DAL,6,0,6.7,0.8,1.8,.455,0.2,0.5,.333,0.7,1.3,.500,.500,0.7,1.5,.444,0.5,1.0,1.5,0.7,0.0,0.7,0.7,0.8,2.5,browngr01
69,Jaylen Brown,SF,27,BOS,56,56,33.3,8.7,17.4,.500,2.0,5.8,.354,6.7,11.6,.572,.559,3.0,4.2,.721,1.1,4.4,5.4,3.7,1.1,0.5,2.4,2.7,22.4,brownja02
70,Kendall Brown,SG,20,IND,8,0,3.5,0.4,0.8,.500,0.0,0.1,.000,0.4,0.6,.600,.500,0.5,0.8,.667,0.3,0.0,0.3,0.3,0.0,0.0,0.0,0.5,1.3,brownke03
71,Kobe Brown,PF,24,LAC,33,0,8.6,0.7,1.9,.381,0.4,1.2,.308,0.4,0.7,.500,.476,0.0,0.1,.500,0.3,1.1,1.4,0.5,0.2,0.1,0.2,1.2,1.8,brownko01
72,Moses Brown,C,24,POR,12,4,8.7,1.1,2.1,.520,0.0,0.0,,1.1,2.1,.520,.520,0.1,0.6,.143,1.6,2.6,4.2,0.3,0.2,0.3,0.5,1.3,2.3,brownmo01
73,Troy Brown Jr.,SF,24,TOT,43,3,11.5,1.4,3.3,.427,0.8,2.3,.364,0.6,1.0,.568,.552,0.5,0.6,.875,0.4,1.7,2.0,1.0,0.2,0.0,0.5,0.7,4.2,browntr01
73,Troy Brown Jr.,SF,24,MIN,37,3,11.1,1.4,3.2,.441,0.8,2.3,.369,0.6,0.9,.618,.572,0.5,0.6,.864,0.4,1.6,1.9,0.9,0.2,0.1,0.5,0.7,4.2,browntr01
73,Troy Brown Jr.,SF,24,DET,6,0,13.8,1.5,4.2,.360,0.8,2.5,.333,0.7,1.7,.400,.460,0.3,0.3,1.000,0.3,2.3,2.7,1.0,0.2,0.0,0.5,0.8,4.2,browntr01
74,Jalen Brunson,PG,27,NYK,57,57,35.4,9.6,20.2,.477,2.6,6.5,.407,7.0,13.8,.510,.542,5.3,6.2,.846,0.6,3.1,3.7,6.6,0.9,0.2,2.5,2.0,27.2,brunsja01
75,Thomas Bryant,C,26,MIA,26,3,10.2,1.7,3.0,.564,0.0,0.2,.000,1.7,2.8,.603,.564,0.7,0.8,.818,1.0,2.0,3.0,0.6,0.2,0.3,0.6,1.0,4.1,bryanth01
76,Kobe Bufkin,SG,20,ATL,9,0,9.9,1.4,4.1,.351,0.6,1.9,.294,0.9,2.2,.400,.419,0.2,0.4,.500,0.2,1.3,1.6,1.7,0.3,0.1,0.6,0.7,3.7,bufkiko01
77,Reggie Bullock,SF,32,HOU,26,0,8.7,0.8,2.0,.404,0.6,1.6,.390,0.2,0.4,.455,.558,0.0,0.0,1.000,0.1,1.2,1.3,0.4,0.2,0.1,0.2,0.6,2.3,bullore01
78,Alec Burks,SG,32,TOT,53,1,20.1,3.6,9.5,.380,2.1,5.5,.384,1.5,3.9,.375,.493,2.5,2.8,.874,0.4,2.0,2.4,1.5,0.4,0.2,0.8,1.3,11.8,burksal01
78,Alec Burks,SG,32,DET,43,0,21.0,3.7,9.4,.394,2.3,5.7,.401,1.4,3.7,.384,.516,2.8,3.1,.903,0.4,2.2,2.6,1.6,0.5,0.3,0.7,1.5,12.6,burksal01
78,Alec Burks,SG,32,NYK,10,1,16.6,3.1,9.6,.323,1.4,4.7,.298,1.7,4.9,.347,.396,1.1,1.7,.647,0.5,1.3,1.8,0.9,0.2,0.1,0.9,0.7,8.7,burksal01
79,Jared Butler,SG,23,WAS,22,0,8.1,1.6,2.9,.547,0.5,1.3,.357,1.1,1.6,.694,.625,0.6,0.8,.824,0.1,0.6,0.7,2.0,0.4,0.1,0.7,0.9,4.3,butleja02
80,Jimmy Butler,PF,34,MIA,42,42,34.0,6.9,13.5,.506,1.0,2.3,.454,5.8,11.2,.517,.545,7.2,8.4,.858,2.0,3.5,5.5,4.8,1.4,0.4,1.7,1.1,21.9,butleji01
81,Jamal Cain,PF,24,MIA,16,1,14.1,1.8,4.3,.420,0.5,1.6,.308,1.3,2.7,.488,.478,1.1,1.4,.783,0.8,1.2,2.0,0.3,0.6,0.3,0.3,1.1,5.3,cainja01
82,Kentavious Caldwell-Pope,SG,30,DEN,56,56,31.8,3.5,7.9,.445,1.5,3.9,.396,2.0,4.0,.493,.543,1.6,1.8,.919,0.4,1.9,2.4,2.4,1.3,0.5,0.9,1.9,10.2,caldwke01
83,Toumani Camara,PF,23,POR,58,38,23.9,2.7,6.2,.434,0.8,2.4,.321,1.9,3.7,.507,.497,1.0,1.4,.723,1.9,3.0,4.9,1.1,1.0,0.4,1.2,2.5,7.2,camarto01
84,Clint Capela,C,29,ATL,54,54,25.2,4.6,8.2,.563,0.0,0.0,,4.6,8.2,.563,.563,1.8,2.7,.658,4.6,5.7,10.3,1.0,0.5,1.5,0.9,2.4,11.0,capelca01
85,Jevon Carter,PG,28,CHI,59,0,13.6,1.9,5.1,.371,1.1,3.2,.330,0.8,1.8,.444,.477,0.1,0.1,.600,0.1,0.7,0.8,1.2,0.5,0.2,0.5,1.0,4.9,carteje01
86,Wendell Carter Jr.,C,24,ORL,36,30,26.2,4.3,7.8,.548,1.2,2.8,.422,3.1,4.9,.621,.625,1.9,2.7,.722,1.9,4.8,6.6,1.6,0.5,0.5,1.2,2.3,11.6,cartewe01
87,D.J. Carton,SG,23,TOR,4,0,9.0,0.8,2.0,.375,0.3,1.0,.250,0.5,1.0,.500,.438,1.0,1.3,.800,0.5,0.5,1.0,0.8,0.3,0.0,0.3,0.8,2.8,cartodj01
88,Alex Caruso,SG,29,CHI,53,40,27.4,3.4,7.4,.463,1.7,4.5,.381,1.7,2.9,.592,.579,1.1,1.4,.776,0.9,2.8,3.7,2.9,1.5,1.1,1.3,2.5,9.7,carusal01
89,Colin Castleton,C,23,LAL,7,0,5.1,1.0,1.4,.700,0.0,0.0,,1.0,1.4,.700,.700,0.6,0.6,1.000,0.6,0.7,1.3,0.4,0.0,0.0,0.1,1.0,2.6,castlco01
90,Malcolm Cazalon,SG,22,DET,1,0,3.0,0.0,0.0,,0.0,0.0,,0.0,0.0,,,0.0,0.0,,0.0,0.0,0.0,0.0,0.0,0.0,0.0,0.0,0.0,cazalma01
91,Julian Champagnie,SF,22,SAS,54,39,16.7,1.9,4.7,.396,1.2,3.4,.357,0.7,1.4,.493,.524,0.8,1.0,.808,0.6,2.0,2.6,1.2,0.6,0.5,0.6,1.0,5.7,champju02
92,Justin Champagnie,SF,22,WAS,3,0,5.3,1.7,3.3,.500,0.3,1.7,.200,1.3,1.7,.800,.550,0.0,0.0,,0.0,0.3,0.3,0.3,0.3,0.3,0.3,0.0,3.7,champju01
93,Max Christie,SG,20,LAL,50,7,16.2,1.7,4.0,.428,0.7,2.0,.360,1.0,2.0,.495,.517,0.7,0.8,.786,0.2,2.2,2.4,1.0,0.3,0.3,0.6,1.1,4.8,chrisma02
94,Sidy Cissoko,SF,19,SAS,6,0,5.3,0.2,1.0,.167,0.0,0.7,.000,0.2,0.3,.500,.167,0.7,0.7,1.000,0.0,1.0,1.0,0.0,0.5,0.0,0.2,0.3,1.0,cissosi01
95,Jordan Clarkson,SG,31,UTA,52,19,30.5,6.1,14.9,.410,1.7,5.8,.298,4.4,9.1,.481,.468,3.3,3.8,.882,0.9,2.5,3.5,5.1,0.6,0.1,2.6,1.5,17.2,clarkjo01
96,Nic Claxton,C,24,BRK,52,52,29.5,5.3,8.4,.627,0.0,0.1,.250,5.3,8.3,.630,.628,1.5,2.7,.580,2.7,7.2,9.8,2.0,0.6,2.2,1.2,2.5,12.1,claxtni01
97,Noah Clowney,PF,19,BRK,7,0,9.9,1.6,2.6,.611,0.1,0.6,.250,1.4,2.0,.714,.639,0.9,0.9,1.000,0.9,1.0,1.9,0.9,0.0,0.1,0.4,0.7,4.1,clownno01
98,Amir Coffey,SF,26,LAC,49,9,18.8,2.1,4.1,.520,0.8,2.0,.412,1.3,2.1,.619,.619,0.9,1.0,.882,0.4,1.3,1.7,0.9,0.6,0.1,0.4,1.3,6.0,coffeam01
99,John Collins,PF,26,UTA,59,57,28.2,5.8,11.0,.526,1.2,3.5,.338,4.6,7.5,.614,.580,1.8,2.4,.784,2.3,6.3,8.6,1.2,0.6,0.9,1.5,2.8,14.6,collijo01
100,Zach Collins,C,26,SAS,50,24,23.1,4.3,9.0,.481,0.9,2.9,.299,3.5,6.1,.567,.529,1.7,2.3,.739,1.7,3.6,5.3,3.0,0.5,0.7,2.0,3.0,11.2,colliza01
101,Mike Conley,PG,36,MIN,57,57,28.8,3.6,8.0,.445,2.2,5.1,.438,1.3,2.9,.457,.586,1.2,1.4,.910,0.4,2.5,2.9,6.2,1.1,0.2,1.2,1.6,10.6,conlemi01
102,Pat Connaughton,SF,31,MIL,57,2,21.5,1.9,4.2,.456,1.1,3.0,.379,0.8,1.3,.639,.589,0.5,0.6,.722,0.6,2.6,3.2,1.9,0.6,0.2,0.6,1.2,5.4,connapa01
103,Bilal Coulibaly,SF,19,WAS,58,10,26.8,2.9,6.7,.437,1.0,2.8,.350,1.9,3.9,.498,.509,1.4,2.0,.696,0.9,3.1,4.0,1.7,0.8,0.8,1.4,2.2,8.2,coulibi01
104,Ricky Council IV,SG,22,PHI,20,0,9.5,1.9,4.0,.468,0.2,1.0,.211,1.7,3.0,.550,.494,2.1,2.9,.724,0.6,1.4,2.0,0.4,0.1,0.0,0.2,0.5,6.0,councri01
105,Robert Covington,SF-PF,33,TOT,29,6,16.8,1.5,3.4,.439,0.7,1.9,.339,0.8,1.4,.571,.536,0.8,0.9,.846,1.1,2.3,3.3,0.8,1.3,0.6,0.4,1.9,4.4,covinro01
105,Robert Covington,PF,33,LAC,3,3,23.0,1.0,3.0,.333,0.7,2.7,.250,0.3,0.3,1.000,.444,0.3,0.7,.500,0.7,2.0,2.7,2.3,2.0,0.7,0.0,2.3,3.0,covinro01
105,Robert Covington,SF,33,PHI,26,3,16.1,1.5,3.4,.449,0.7,1.8,.354,0.9,1.6,.561,.545,0.8,0.9,.875,1.1,2.3,3.4,0.7,1.3,0.6,0.4,1.9,4.5,covinro01
106,Torrey Craig,SF,33,CHI,33,8,21.0,2.2,5.1,.425,1.1,3.0,.374,1.0,2.1,.500,.536,0.6,0.8,.778,1.7,3.1,4.7,1.1,0.6,0.5,0.6,2.3,6.1,craigto01
107,Jae Crowder,PF,33,MIL,32,16,24.5,2.3,5.4,.424,1.2,3.4,.349,1.1,2.0,.556,.535,0.5,0.8,.667,0.5,3.1,3.7,1.5,0.8,0.2,0.5,1.7,6.3,crowdja01
108,Jalen Crutcher,PG,24,NOP,1,0,3.0,0.0,1.0,.000,0.0,0.0,,0.0,1.0,.000,.000,0.0,0.0,,0.0,0.0,0.0,0.0,0.0,0.0,0.0,0.0,0.0,crutcja01
109,Cade Cunningham,PG,22,DET,51,51,33.8,8.3,18.3,.452,1.9,5.3,.360,6.4,13.0,.490,.505,3.7,4.3,.860,0.5,3.7,4.1,7.4,0.9,0.4,3.5,2.6,22.2,cunnica01
110,Seth Curry,SG,33,TOT,44,4,14.0,1.8,4.6,.392,0.9,2.5,.352,1.0,2.2,.438,.485,0.6,0.7,.903,0.4,1.1,1.5,1.0,0.5,0.1,0.5,0.9,5.1,curryse01
110,Seth Curry,SG,33,DAL,36,3,12.7,1.5,4.0,.372,0.8,2.2,.363,0.7,1.8,.385,.472,0.5,0.5,.895,0.4,1.0,1.4,0.8,0.5,0.1,0.4,0.9,4.3,curryse01
110,Seth Curry,SG,33,CHO,8,1,19.9,3.3,7.4,.441,1.1,3.5,.321,2.1,3.9,.548,.517,1.4,1.5,.917,0.4,1.6,2.0,1.8,0.6,0.4,0.6,0.9,9.0,curryse01
111,Stephen Curry,PG,35,GSW,58,58,32.9,8.9,19.8,.452,4.9,12.1,.409,4.0,7.7,.519,.577,4.3,4.7,.920,0.5,3.9,4.4,5.0,0.8,0.4,3.0,1.7,27.2,curryst01
112,Dyson Daniels,PG,20,NOP,52,15,21.9,2.2,4.9,.438,0.6,2.1,.291,1.5,2.8,.548,.500,0.6,1.0,.640,1.0,2.7,3.7,2.6,1.4,0.4,1.0,1.6,5.5,daniedy01
113,Anthony Davis,C,30,LAL,60,60,35.7,9.4,17.0,.557,0.3,1.2,.260,9.1,15.7,.579,.566,5.6,6.9,.815,3.0,9.2,12.3,3.6,1.1,2.4,2.0,2.4,24.8,davisan02
114,Johnny Davis,SG,21,WAS,31,0,9.9,1.0,2.9,.348,0.2,0.6,.278,0.8,2.3,.366,.376,0.2,0.4,.545,0.4,0.9,1.3,0.4,0.3,0.1,0.2,0.8,2.4,davisjo06
115,JD Davison,SG,21,BOS,2,0,3.0,0.0,0.5,.000,0.0,0.5,.000,0.0,0.0,,.000,1.0,1.0,1.000,0.5,0.5,1.0,0.0,0.0,0.0,0.0,0.0,1.0,davisjd01
116,Dexter Dennis,SG,24,DAL,4,0,7.5,2.5,4.8,.526,0.3,2.0,.125,2.3,2.8,.818,.553,0.3,0.8,.333,0.3,2.0,2.3,1.0,0.0,0.3,0.8,0.3,5.5,dennide01
117,DeMar DeRozan,SF,34,CHI,60,60,37.8,7.8,16.6,.471,1.0,2.8,.343,6.9,13.8,.497,.500,6.4,7.4,.862,0.6,3.6,4.2,5.3,1.1,0.6,1.5,2.2,23.0,derozde01
118,Moussa Diabaté,C,22,LAC,11,0,5.8,0.9,1.7,.526,0.0,0.0,,0.9,1.7,.526,.526,0.8,1.3,.643,1.4,0.8,2.2,0.4,0.5,0.1,0.2,0.4,2.6,diabamo01
119,Mamadi Diakite,PF,27,SAS,3,0,5.3,1.3,1.7,.800,0.0,0.0,,1.3,1.7,.800,.800,1.3,2.0,.667,0.3,0.7,1.0,0.7,0.0,0.3,0.0,0.3,4.0,diakima01
120,Hamidou Diallo,SG,25,WAS,2,0,2.5,0.5,1.0,.500,0.0,0.0,,0.5,1.0,.500,.500,0.0,0.0,,1.0,0.0,1.0,0.5,1.0,0.0,0.5,0.5,1.0,diallha01
121,Gradey Dick,SG,20,TOR,41,1,16.5,2.3,5.3,.436,1.2,3.1,.372,1.1,2.2,.528,.546,0.6,0.6,.920,0.5,1.4,1.9,1.1,0.5,0.0,0.6,1.3,6.4,dickgr01
122,Ousmane Dieng,PF,20,OKC,29,0,11.2,1.5,3.5,.426,0.7,2.2,.313,0.8,1.3,.622,.525,0.5,0.6,.875,0.3,1.3,1.7,1.1,0.2,0.1,0.6,0.7,4.1,diengou01
123,Spencer Dinwiddie,PG,30,TOT,58,48,29.5,3.7,9.5,.389,1.7,5.3,.319,2.0,4.1,.479,.479,2.3,2.9,.775,0.5,2.4,2.9,5.5,0.7,0.2,1.3,1.8,11.3,dinwisp01
123,Spencer Dinwiddie,PG,30,BRK,48,48,30.7,4.1,10.4,.391,1.9,5.8,.320,2.2,4.6,.480,.480,2.6,3.3,.781,0.5,2.8,3.3,6.0,0.8,0.2,1.3,1.8,12.6,dinwisp01
123,Spencer Dinwiddie,PG,30,LAL,10,0,23.9,1.9,5.1,.373,1.0,3.2,.313,0.9,1.9,.474,.471,0.6,0.9,.667,0.1,0.9,1.0,3.3,0.4,0.2,1.1,1.7,5.4,dinwisp01
124,Donte DiVincenzo,SG,27,NYK,61,43,26.2,5.1,11.4,.446,3.2,8.0,.406,1.9,3.5,.535,.587,0.9,1.2,.724,0.8,2.6,3.4,2.5,1.2,0.4,1.3,2.0,14.3,divindo01
125,Luka Dončić,PG,24,DAL,54,54,37.6,11.8,23.8,.496,3.9,10.2,.378,7.9,13.5,.585,.577,7.1,9.1,.785,0.8,8.2,9.0,9.8,1.4,0.6,3.9,2.1,34.6,doncilu01
126,Luguentz Dort,SF,24,OKC,60,60,28.4,3.6,8.3,.440,2.0,4.9,.407,1.6,3.4,.488,.560,1.4,1.8,.819,1.0,2.7,3.7,1.3,0.9,0.7,0.9,3.0,10.7,dortlu01
127,Ayo Dosunmu,SG,24,CHI,60,21,27.1,4.2,8.5,.491,1.5,3.6,.399,2.7,4.9,.560,.577,1.0,1.2,.781,0.7,2.0,2.7,2.8,0.9,0.4,1.2,2.0,10.7,dosunay01
128,Jeff Dowtin,PG,26,PHI,2,0,15.0,2.0,3.5,.571,1.0,2.0,.500,1.0,1.5,.667,.714,0.0,0.0,,0.0,1.5,1.5,3.5,1.5,0.5,0.5,0.0,5.0,dowtije01
129,Andre Drummond,C,30,CHI,62,10,17.3,3.5,6.3,.553,0.0,0.0,.000,3.5,6.2,.557,.553,1.5,2.6,.575,3.4,5.5,8.9,0.5,1.0,0.7,1.1,1.8,8.4,drumman01
130,Chris Duarte,SF,26,SAC,43,11,13.2,1.4,3.6,.385,0.7,2.1,.356,0.7,1.5,.424,.487,0.5,0.6,.778,0.4,1.5,1.9,0.8,0.5,0.1,0.5,1.6,4.0,duartch01
131,Kris Dunn,PG,29,UTA,55,28,18.4,2.3,4.7,.484,0.6,1.6,.389,1.6,3.0,.536,.553,0.3,0.5,.680,0.7,2.1,2.8,4.0,1.1,0.4,1.3,1.9,5.5,dunnkr01
132,Kevin Durant,PF,35,PHO,55,55,37.3,10.1,19.3,.524,2.2,5.2,.420,7.9,14.1,.562,.580,5.5,6.4,.855,0.6,6.1,6.7,5.5,0.9,1.3,3.3,1.8,27.9,duranke01
133,Jalen Duren,C,20,DET,46,45,30.1,5.9,9.5,.626,0.0,0.1,.000,5.9,9.4,.630,.626,2.0,2.7,.770,3.3,8.5,11.8,2.6,0.5,0.9,2.0,3.3,13.9,durenja01
134,Tari Eason,PF,22,HOU,22,0,21.8,4.0,8.6,.466,0.8,2.3,.360,3.2,6.3,.504,.513,1.0,1.5,.636,2.1,4.9,7.0,1.2,1.4,0.9,0.9,2.3,9.8,easonta01
135,Anthony Edwards,SG,22,MIN,59,58,34.9,9.0,19.4,.465,2.5,6.7,.378,6.5,12.7,.511,.530,5.5,6.6,.842,0.5,4.7,5.2,5.1,1.3,0.5,3.2,1.9,26.1,edwaran01
136,Kessler Edwards,SF,23,SAC,39,0,4.8,0.5,1.4,.396,0.3,0.8,.364,0.2,0.5,.450,.509,0.1,0.2,.667,0.1,0.6,0.8,0.2,0.1,0.1,0.0,0.5,1.5,edwarke02
137,Keon Ellis,SG,24,SAC,36,4,11.6,1.1,2.7,.418,0.8,2.1,.364,0.4,0.6,.619,.561,0.3,0.5,.647,0.4,0.9,1.3,1.3,0.5,0.4,0.5,1.4,3.4,elliske01
138,Joel Embiid,C,29,PHI,34,34,34.0,11.8,22.2,.533,1.2,3.3,.366,10.6,18.9,.562,.560,10.5,11.9,.883,2.6,8.7,11.3,5.7,1.1,1.8,3.7,2.9,35.3,embiijo01
139,Drew Eubanks,C,26,PHO,56,4,15.9,2.2,3.5,.624,0.1,0.1,1.000,2.1,3.5,.619,.632,1.1,1.4,.763,1.3,2.9,4.3,0.9,0.4,0.9,0.9,1.6,5.5,eubandr01
140,Tosan Evbuomwan,SF,22,TOT,6,0,15.0,1.2,3.0,.389,0.5,1.5,.333,0.7,1.5,.444,.472,0.0,0.0,,1.3,1.3,2.7,1.0,0.2,0.2,0.2,1.0,2.8,evbuoto01
140,Tosan Evbuomwan,SF,22,MEM,4,0,18.5,1.0,3.8,.267,0.5,2.0,.250,0.5,1.8,.286,.333,0.0,0.0,,2.0,1.5,3.5,1.5,0.0,0.3,0.3,1.3,2.5,evbuoto01
140,Tosan Evbuomwan,SF,22,DET,2,0,8.0,1.5,1.5,1.000,0.5,0.5,1.000,1.0,1.0,1.000,1.167,0.0,0.0,,0.0,1.0,1.0,0.0,0.5,0.0,0.0,0.5,3.5,evbuoto01
141,Dante Exum,PG,28,DAL,36,14,19.1,3.3,5.9,.564,0.9,1.9,.478,2.4,4.0,.604,.640,1.1,1.4,.731,0.5,2.2,2.7,2.8,0.5,0.1,0.8,1.6,8.6,exumda01
142,Bruno Fernando,C,25,ATL,25,1,11.8,1.9,3.4,.558,0.0,0.1,.000,1.9,3.3,.578,.558,1.0,1.7,.619,1.2,2.3,3.5,0.6,0.4,0.6,0.7,1.7,4.9,fernabr01
143,Dorian Finney-Smith,PF,30,BRK,53,42,28.0,3.3,7.7,.426,1.9,5.1,.376,1.4,2.6,.526,.551,0.4,0.5,.679,1.7,3.0,4.8,1.6,0.7,0.6,0.9,2.3,8.8,finnedo01
144,Adam Flagler,SG,24,OKC,1,0,6.0,0.0,3.0,.000,0.0,3.0,.000,0.0,0.0,,.000,0.0,0.0,,0.0,0.0,0.0,1.0,0.0,0.0,0.0,0.0,0.0,flaglad01
145,Malachi Flynn,PG,25,TOT,52,0,11.6,1.5,3.7,.396,0.7,2.0,.340,0.8,1.7,.465,.490,0.5,0.7,.757,0.3,1.3,1.5,1.7,0.4,0.1,0.8,1.0,4.2,flynnma01
145,Malachi Flynn,PG,25,TOR,31,0,15.3,1.8,4.4,.409,0.9,2.6,.350,0.9,1.8,.491,.511,0.5,0.7,.773,0.4,1.7,2.1,2.4,0.6,0.2,1.1,1.4,5.1,flynnma01
145,Malachi Flynn,PG,25,NYK,14,0,4.3,0.6,1.6,.391,0.3,0.9,.308,0.4,0.7,.500,.478,0.6,0.8,.818,0.0,0.4,0.4,0.4,0.1,0.0,0.2,0.2,2.2,flynnma01
145,Malachi Flynn,PG,25,DET,7,0,9.6,1.6,4.6,.344,0.6,1.9,.308,1.0,2.7,.368,.406,0.3,0.6,.500,0.0,1.3,1.3,1.3,0.4,0.0,0.7,0.7,4.0,flynnma01
146,Simone Fontecchio,SF,28,TOT,60,39,24.1,3.6,8.0,.454,2.0,5.0,.396,1.7,3.0,.550,.577,0.7,0.9,.796,1.0,2.5,3.5,1.6,0.7,0.3,1.0,1.6,9.9,fontesi01
146,Simone Fontecchio,SF,28,UTA,50,34,23.2,3.2,7.2,.450,1.8,4.7,.391,1.4,2.5,.560,.577,0.6,0.8,.800,1.0,2.5,3.5,1.5,0.6,0.4,1.0,1.6,8.9,fontesi01
146,Simone Fontecchio,SF,28,DET,10,5,28.4,5.6,12.0,.467,2.7,6.5,.415,2.9,5.5,.527,.579,1.1,1.4,.786,0.6,2.8,3.4,2.0,1.0,0.0,0.9,1.5,15.0,fontesi01
147,Jordan Ford,PG,25,SAC,6,0,3.7,0.7,1.2,.571,0.3,0.5,.667,0.3,0.7,.500,.714,0.3,0.3,1.000,0.0,0.3,0.3,0.3,0.0,0.0,0.2,0.0,2.0,fordjo01
148,Trent Forrest,SG,25,ATL,24,0,10.1,0.8,2.3,.370,0.1,0.3,.286,0.8,2.0,.383,.389,0.4,0.5,.750,0.3,1.0,1.3,2.0,0.3,0.0,0.5,0.9,2.1,forretr01
149,Evan Fournier,SG,31,TOT,12,0,17.2,2.6,7.0,.369,1.4,4.6,.309,1.2,2.4,.483,.470,1.1,1.3,.867,0.3,1.8,2.0,1.2,1.0,0.2,0.8,1.6,7.7,fournev01
149,Evan Fournier,SG,31,NYK,3,0,13.0,1.3,6.7,.200,0.7,5.0,.133,0.7,1.7,.400,.250,0.7,0.7,1.000,0.0,1.3,1.3,1.0,1.3,0.0,0.3,1.3,4.0,fournev01
149,Evan Fournier,SG,31,DET,9,0,18.6,3.0,7.1,.422,1.7,4.4,.375,1.3,2.7,.500,.539,1.2,1.4,.846,0.3,1.9,2.2,1.2,0.9,0.2,0.9,1.7,8.9,fournev01
150,De'Aaron Fox,PG,26,SAC,53,53,35.8,9.9,20.8,.475,2.8,7.6,.367,7.1,13.2,.537,.542,4.5,6.3,.710,0.9,3.3,4.2,5.7,1.9,0.4,2.7,2.5,27.1,foxde01
151,Javon Freeman-Liberty,PG,24,TOR,4,0,5.8,1.3,2.5,.500,0.3,0.8,.333,1.0,1.8,.571,.550,1.0,1.3,.800,0.3,0.8,1.0,0.3,0.0,0.0,0.0,0.0,3.8,freemja01
152,Alex Fudge,SF,20,LAL,4,0,3.5,0.3,1.5,.167,0.0,0.5,.000,0.3,1.0,.250,.167,0.5,0.5,1.000,0.5,0.0,0.5,0.0,0.0,0.0,0.3,0.3,1.0,fudgeal01
153,Markelle Fultz,PG,25,ORL,26,15,22.9,3.9,7.9,.495,0.0,0.3,.111,3.9,7.6,.513,.498,0.6,1.0,.600,1.4,2.0,3.4,3.2,1.2,0.3,1.2,1.5,8.5,fultzma01
154,Daniel Gafford,C-PF,25,TOT,55,47,24.8,4.4,6.4,.689,0.0,0.0,,4.4,6.4,.689,.689,1.8,2.5,.700,2.9,5.0,7.9,1.4,0.9,2.0,1.0,3.1,10.5,gaffoda01
154,Daniel Gafford,C,25,WAS,45,45,26.5,4.5,6.5,.690,0.0,0.0,,4.5,6.5,.690,.690,1.9,2.6,.706,2.9,5.1,8.0,1.5,1.0,2.2,1.0,3.3,10.9,gaffoda01
154,Daniel Gafford,PF,25,DAL,10,2,17.2,3.8,5.6,.679,0.0,0.0,,3.8,5.6,.679,.679,1.4,2.1,.667,2.6,4.5,7.1,0.8,0.6,1.4,0.9,2.3,9.0,gaffoda01
155,Danilo Gallinari,PF-SF,35,TOT,39,0,14.1,1.9,4.3,.432,0.7,2.1,.325,1.2,2.2,.535,.512,1.9,2.2,.860,0.5,2.1,2.5,1.3,0.3,0.1,0.4,1.1,6.3,gallida01
155,Danilo Gallinari,PF,35,WAS,26,0,14.8,2.2,5.0,.435,0.8,2.5,.313,1.4,2.6,.552,.511,1.8,2.2,.839,0.5,2.5,2.9,1.2,0.2,0.1,0.5,1.0,7.0,gallida01
155,Danilo Gallinari,SF,35,DET,6,0,15.0,2.0,3.7,.545,1.2,2.0,.583,0.8,1.7,.500,.705,3.5,4.0,.875,0.3,2.0,2.3,2.0,0.3,0.3,0.2,1.5,8.7,gallida01
155,Danilo Gallinari,SF,35,MIL,7,0,10.4,0.6,2.3,.250,0.0,1.0,.000,0.6,1.3,.444,.250,0.9,0.9,1.000,0.6,0.6,1.1,1.0,0.3,0.0,0.6,1.0,2.0,gallida01
156,Darius Garland,PG,24,CLE,38,38,32.9,6.6,14.6,.450,2.2,5.9,.372,4.4,8.7,.503,.525,2.9,3.5,.842,0.4,1.9,2.3,6.2,1.3,0.1,3.1,1.6,18.2,garlada01
157,Usman Garuba,PF,21,GSW,3,0,2.7,0.0,0.3,.000,0.0,0.0,,0.0,0.3,.000,.000,0.0,0.0,,0.3,0.0,0.3,0.3,0.3,0.0,0.0,0.7,0.0,garubus01
158,Luka Garza,C,25,MIN,14,0,2.9,0.8,1.8,.440,0.2,0.6,.333,0.6,1.1,.500,.500,0.6,0.9,.667,0.4,0.4,0.8,0.1,0.0,0.0,0.1,0.8,2.4,garzalu01
159,Kaiser Gates,SF,27,NOP,1,0,7.0,0.0,4.0,.000,0.0,2.0,.000,0.0,2.0,.000,.000,0.0,0.0,,0.0,1.0,1.0,0.0,0.0,0.0,0.0,0.0,0.0,gateska01
160,Keyonte George,PG,20,UTA,56,25,25.4,3.9,9.9,.393,1.9,5.5,.353,1.9,4.4,.443,.491,2.2,2.7,.822,0.3,2.5,2.8,4.4,0.5,0.1,2.1,1.1,12.0,georgke01
161,Paul George,PF,33,LAC,56,56,33.9,7.8,17.0,.457,3.3,8.3,.397,4.5,8.7,.514,.554,3.3,3.7,.885,0.5,4.8,5.4,3.5,1.6,0.4,2.0,2.8,22.1,georgpa01
162,Taj Gibson,PF,38,NYK,16,1,10.3,0.4,1.4,.304,0.0,0.4,.000,0.4,1.1,.412,.304,0.1,0.1,1.000,0.6,1.1,1.8,0.6,0.1,0.4,0.3,1.8,1.0,gibsota01
163,Josh Giddey,SG,21,OKC,61,61,24.7,4.6,10.1,.455,1.0,2.9,.330,3.7,7.2,.506,.502,1.2,1.4,.826,1.3,4.7,6.0,4.4,0.7,0.6,2.0,1.3,11.3,giddejo01
164,Harry Giles,C,25,TOT,18,0,4.7,1.2,2.5,.489,0.2,0.7,.250,1.1,1.8,.576,.522,0.4,0.7,.538,0.7,0.8,1.5,0.3,0.1,0.2,0.3,0.8,3.0,gilesha01
164,Harry Giles,C,25,BRK,16,0,5.1,1.4,2.8,.500,0.2,0.7,.273,1.2,2.1,.576,.534,0.4,0.8,.538,0.8,0.9,1.6,0.4,0.1,0.2,0.4,0.9,3.4,gilesha01
164,Harry Giles,C,25,LAL,2,0,2.0,0.0,0.5,.000,0.0,0.5,.000,0.0,0.0,,.000,0.0,0.0,,0.0,0.5,0.5,0.0,0.0,0.0,0.0,0.0,0.0,gilesha01
165,Shai Gilgeous-Alexander,PG,25,OKC,61,61,34.5,11.0,20.1,.546,1.3,3.3,.377,9.7,16.8,.580,.578,7.9,8.9,.883,0.9,4.7,5.6,6.5,2.1,1.0,2.2,2.5,31.1,gilgesh01
166,Anthony Gill,PF,31,WAS,32,0,5.4,0.7,1.6,.460,0.1,0.4,.231,0.6,1.2,.541,.490,0.5,0.6,.750,0.4,0.8,1.2,0.4,0.2,0.2,0.5,0.4,2.0,gillan01
167,Collin Gillespie,PG,24,DEN,19,0,8.5,1.2,2.4,.511,0.6,1.3,.458,0.6,1.1,.571,.633,0.3,0.4,.625,0.1,0.6,0.6,0.8,0.5,0.0,0.5,0.9,3.3,gilleco01
168,Jacob Gilyard,PG,25,MEM,37,14,17.7,1.6,3.9,.417,1.4,3.2,.425,0.2,0.6,.375,.594,0.1,0.1,1.000,0.2,0.9,1.2,3.5,0.7,0.1,0.8,0.9,4.7,gilyaja01
169,Rudy Gobert,C,31,MIN,60,60,33.8,5.3,8.1,.652,0.0,0.1,.000,5.3,8.0,.656,.652,3.3,5.1,.647,3.6,9.2,12.8,1.2,0.6,2.1,1.5,3.1,13.8,goberru01
170,Jordan Goodwin,PG,25,TOT,45,4,15.7,2.0,5.3,.379,0.6,2.1,.284,1.4,3.2,.441,.435,0.6,0.9,.744,1.1,2.1,3.2,2.3,0.7,0.3,0.9,1.1,5.3,goodwjo01
170,Jordan Goodwin,PG,25,PHO,40,0,14.0,1.9,4.8,.389,0.6,2.0,.288,1.3,2.8,.460,.448,0.6,0.7,.862,1.0,1.9,2.9,2.0,0.6,0.2,0.7,1.1,5.0,goodwjo01
170,Jordan Goodwin,PG,25,MEM,5,4,29.6,3.2,9.4,.340,0.8,3.0,.267,2.4,6.4,.375,.383,0.8,2.0,.400,2.0,3.2,5.2,4.8,2.0,1.2,2.0,1.4,8.0,goodwjo01
171,Aaron Gordon,PF,28,DEN,56,56,31.6,5.5,9.9,.551,0.6,1.9,.292,4.9,8.1,.612,.579,2.4,3.6,.650,2.4,4.1,6.5,3.2,0.8,0.7,1.5,1.9,13.9,gordoaa01
172,Eric Gordon,SG,35,PHO,51,24,29.6,4.5,10.0,.451,2.4,6.3,.384,2.1,3.7,.567,.573,0.9,1.1,.793,0.3,1.7,2.0,2.2,1.0,0.5,1.3,1.2,12.4,gordoer01
173,Devonte' Graham,PG,28,SAS,12,0,8.3,0.9,2.5,.367,0.6,1.8,.318,0.3,0.7,.500,.483,0.5,0.7,.750,0.2,1.2,1.3,1.6,0.3,0.1,0.3,0.3,2.9,grahade01
174,Jerami Grant,PF,29,POR,53,53,33.9,7.1,15.8,.452,2.1,5.1,.404,5.1,10.6,.475,.518,4.8,5.8,.816,0.7,2.9,3.6,2.8,0.8,0.6,2.2,2.2,21.1,grantje01
175,A.J. Green,SG,24,MIL,42,0,9.5,1.5,3.4,.433,1.2,2.9,.410,0.3,0.5,.579,.610,0.2,0.3,.909,0.1,0.9,1.1,0.6,0.1,0.0,0.2,0.9,4.3,greenaj01
176,Danny Green,SG,36,PHI,2,0,9.0,0.0,1.0,.000,0.0,0.5,.000,0.0,0.5,.000,.000,0.0,0.0,,0.0,1.0,1.0,0.5,0.5,0.0,0.0,0.5,0.0,greenda02
177,Draymond Green,PF,33,GSW,37,34,26.3,3.4,6.8,.504,1.1,2.4,.448,2.4,4.5,.533,.581,1.2,1.6,.763,1.2,5.8,7.0,5.8,0.7,0.9,2.4,3.0,9.1,greendr01
178,Jalen Green,SG,21,HOU,62,62,30.7,6.3,15.5,.409,2.1,6.8,.313,4.2,8.7,.485,.478,3.4,4.2,.812,0.4,4.4,4.8,3.3,0.7,0.3,2.2,1.3,18.2,greenja05
179,Jeff Green,PF,37,HOU,59,5,16.4,1.9,4.1,.467,0.5,1.5,.307,1.5,2.6,.558,.523,1.7,2.1,.810,0.6,1.5,2.1,0.9,0.2,0.4,0.7,1.4,5.9,greenje02
180,Josh Green,SG,23,DAL,49,32,27.3,3.3,6.9,.488,1.4,3.4,.408,1.9,3.4,.569,.591,0.7,1.0,.660,0.7,2.6,3.3,2.4,0.9,0.2,1.1,2.0,8.8,greenjo02
181,AJ Griffin,SF,20,ATL,18,0,7.3,0.7,2.5,.289,0.5,1.8,.273,0.2,0.7,.333,.389,0.1,0.1,1.000,0.1,0.7,0.8,0.2,0.1,0.1,0.3,0.3,2.1,griffaj01
182,Quentin Grimes,SG,23,TOT,49,18,20.2,2.4,6.4,.382,1.7,4.7,.351,0.8,1.7,.470,.511,0.6,0.8,.730,0.3,1.7,2.0,1.2,0.7,0.1,0.5,1.4,7.1,grimequ01
182,Quentin Grimes,SG,23,NYK,45,18,20.2,2.5,6.4,.395,1.7,4.7,.363,0.8,1.6,.486,.530,0.5,0.8,.706,0.3,1.6,2.0,1.2,0.7,0.1,0.5,1.5,7.3,grimequ01
182,Quentin Grimes,SG,23,DET,4,0,19.8,1.8,7.0,.250,1.0,4.8,.211,0.8,2.3,.333,.321,0.8,0.8,1.000,0.0,2.0,2.0,2.0,1.0,1.0,1.3,1.0,5.3,grimequ01
183,Mouhamadou Gueye,PF,25,TOR,2,0,5.0,0.5,2.0,.250,0.0,0.0,,0.5,2.0,.250,.250,0.0,0.0,,1.5,1.0,2.5,0.0,0.0,1.5,0.0,1.0,1.0,gueyemo01
184,Mouhamed Gueye,PF,21,ATL,2,0,2.0,0.0,0.5,.000,0.0,0.5,.000,0.0,0.0,,.000,0.0,0.0,,0.0,0.0,0.0,0.0,0.5,0.0,0.0,0.5,0.0,gueyemo02
185,Rui Hachimura,PF,25,LAL,50,21,25.3,4.9,9.3,.525,1.3,3.2,.415,3.6,6.2,.581,.595,1.4,1.9,.711,0.8,2.9,3.7,1.0,0.7,0.3,0.7,1.5,12.5,hachiru01
186,Ashton Hagans,PG,24,POR,11,1,15.9,1.4,3.3,.417,0.2,0.8,.222,1.2,2.5,.481,.444,0.6,0.8,.778,0.5,1.5,2.0,2.7,0.6,0.5,1.6,2.3,3.5,haganas01
187,Tyrese Haliburton,PG,23,IND,50,49,31.9,7.5,15.6,.481,3.0,7.8,.379,4.5,7.7,.584,.576,2.8,3.3,.850,0.6,3.2,3.8,11.3,1.1,0.7,2.3,0.9,20.8,halibty01
188,R.J. Hampton,PG,22,MIA,8,2,9.5,0.5,1.8,.286,0.1,1.0,.125,0.4,0.8,.500,.321,0.1,0.3,.500,0.3,0.5,0.8,1.0,0.0,0.0,0.4,1.0,1.3,hamptrj01
189,Tim Hardaway Jr.,SF,31,DAL,59,10,28.8,5.6,13.7,.408,3.0,8.3,.359,2.6,5.4,.484,.517,2.1,2.4,.875,0.3,3.2,3.5,1.7,0.5,0.1,1.0,1.5,16.3,hardati02
190,James Harden,PG,34,LAC,56,56,34.6,5.2,11.6,.447,2.8,6.8,.408,2.4,4.7,.502,.567,4.6,5.2,.879,0.4,4.6,5.1,8.3,1.1,0.9,2.6,1.9,17.7,hardeja01
191,Jaden Hardy,SG,21,DAL,55,6,14.6,2.9,7.1,.405,1.3,3.5,.365,1.6,3.6,.444,.495,0.7,1.0,.727,0.3,1.6,1.8,1.6,0.3,0.1,0.7,1.1,7.7,hardyja02
192,Ron Harper Jr.,PF,23,TOR,1,0,4.0,0.0,0.0,,0.0,0.0,,0.0,0.0,,,0.0,0.0,,0.0,0.0,0.0,1.0,0.0,0.0,0.0,2.0,0.0,harpero02
193,Gary Harris,SG,29,ORL,39,12,22.9,2.5,5.5,.458,1.4,3.8,.381,1.1,1.8,.623,.588,0.7,0.9,.757,0.5,1.2,1.7,1.7,0.9,0.3,0.5,1.7,7.2,harriga01
194,Joe Harris,SG,32,DET,16,0,10.6,0.9,2.4,.359,0.6,1.9,.333,0.3,0.6,.444,.487,0.1,0.1,.500,0.2,0.6,0.8,0.6,0.2,0.1,0.3,1.2,2.4,harrijo01
195,Kevon Harris,SG,26,ORL,2,0,3.0,1.0,1.5,.667,0.0,0.0,,1.0,1.5,.667,.667,0.0,0.0,,0.0,1.0,1.0,0.5,0.0,0.0,0.5,1.5,2.0,harrike01
196,Tobias Harris,PF,31,PHI,56,56,33.9,6.7,13.5,.496,1.3,3.5,.354,5.5,10.0,.546,.542,2.8,3.1,.892,1.1,5.1,6.1,3.2,1.0,0.6,1.4,1.7,17.5,harrito02
197,Shaquille Harrison,SG,30,MEM,3,0,2.0,0.3,0.7,.500,0.0,0.0,,0.3,0.7,.500,.500,0.0,0.0,,0.0,0.7,0.7,0.0,0.0,0.3,0.0,0.0,0.7,harrish01
198,Josh Hart,SF,28,NYK,61,22,31.4,3.3,7.9,.424,1.1,3.3,.328,2.3,4.6,.493,.493,1.0,1.3,.763,1.4,6.2,7.6,3.6,0.9,0.3,1.3,1.9,8.8,hartjo01
199,Isaiah Hartenstein,C,25,NYK,56,30,25.1,2.8,4.6,.604,0.0,0.1,.333,2.7,4.5,.607,.606,1.4,1.9,.725,3.3,5.1,8.4,2.2,1.1,1.1,1.2,2.8,6.9,harteis01
200,Sam Hauser,SF,26,BOS,60,6,21.0,2.7,6.1,.447,2.2,5.3,.416,0.5,0.8,.640,.626,0.3,0.3,.882,0.6,2.8,3.4,0.9,0.4,0.3,0.5,1.3,7.9,hausesa01
201,Jordan Hawkins,SG,21,NOP,55,10,19.5,3.0,7.8,.390,1.9,5.1,.370,1.1,2.7,.429,.512,1.2,1.4,.853,0.5,2.1,2.6,1.2,0.3,0.1,0.7,1.2,9.1,hawkijo01
202,Jaxson Hayes,C,23,LAL,53,3,11.3,1.6,2.3,.686,0.0,0.2,.000,1.6,2.1,.735,.686,0.5,0.9,.592,0.9,1.7,2.6,0.5,0.5,0.4,0.5,1.6,3.7,hayesja02
203,Killian Hayes,PG,22,DET,42,31,24.0,2.8,6.7,.413,0.5,1.8,.297,2.3,5.0,.455,.452,0.8,1.2,.660,0.3,2.6,2.8,4.9,0.9,0.5,1.2,1.8,6.9,hayeski01
204,Gordon Hayward,SF,33,TOT,33,25,27.8,4.5,9.9,.454,0.7,1.9,.365,3.8,8.0,.475,.489,2.1,2.7,.764,0.9,3.4,4.3,3.7,0.9,0.4,1.6,1.5,11.8,haywago01
204,Gordon Hayward,SF,33,CHO,25,25,31.9,5.6,11.9,.468,0.9,2.4,.361,4.7,9.4,.496,.505,2.5,3.2,.765,1.0,3.7,4.7,4.6,1.1,0.5,2.0,1.8,14.5,haywago01
204,Gordon Hayward,SF,33,OKC,8,0,15.0,1.3,3.9,.323,0.1,0.3,.500,1.1,3.6,.310,.339,0.8,1.0,.750,0.8,2.4,3.1,0.9,0.3,0.0,0.4,0.5,3.4,haywago01
205,Scoot Henderson,PG,19,POR,43,16,27.0,4.4,11.8,.375,1.2,3.9,.310,3.2,7.9,.408,.427,2.8,3.4,.818,0.9,2.1,3.0,4.7,0.6,0.2,3.0,3.0,12.9,hendesc01
206,Taylor Hendricks,PF,20,UTA,23,6,17.4,2.2,5.0,.440,1.0,3.0,.338,1.2,2.1,.583,.539,0.4,0.5,.818,1.2,2.8,4.0,0.6,0.6,0.6,0.7,1.7,5.8,hendrita01
207,Tyler Herro,SG,24,MIA,36,36,33.6,7.9,18.0,.437,3.3,8.1,.399,4.6,9.9,.468,.527,1.8,2.2,.835,0.5,4.8,5.3,4.4,0.8,0.1,2.1,1.4,20.8,herroty01
208,Buddy Hield,SF-SG,31,TOT,64,40,27.1,4.6,10.5,.440,2.8,7.1,.392,1.9,3.5,.538,.572,0.6,0.7,.857,0.6,2.6,3.3,3.1,0.9,0.5,1.3,2.1,12.6,hieldbu01
208,Buddy Hield,SF,31,IND,52,28,25.7,4.4,9.9,.443,2.6,6.9,.384,1.8,3.1,.575,.575,0.5,0.6,.848,0.7,2.6,3.2,2.7,0.8,0.6,1.2,2.0,12.0,hieldbu01
208,Buddy Hield,SG,31,PHI,12,12,33.0,5.7,13.2,.430,3.4,8.1,.423,2.3,5.1,.443,.560,0.7,0.8,.889,0.6,2.8,3.4,5.2,1.3,0.3,1.7,2.8,15.4,hieldbu01
209,Haywood Highsmith,PF,27,MIA,45,24,20.7,2.1,4.9,.432,1.1,3.0,.368,1.0,2.0,.528,.543,0.5,0.6,.808,0.9,2.0,2.8,1.0,0.9,0.6,0.6,2.0,5.8,highsha01
210,Nate Hinton,SG,24,HOU,11,0,5.3,0.9,1.8,.500,0.6,1.0,.636,0.3,0.8,.333,.675,0.4,0.5,.800,0.3,0.8,1.1,0.5,0.2,0.2,0.2,0.9,2.8,hintona01
211,D'Moi Hodge,SG,25,LAL,7,0,5.9,0.7,2.1,.333,0.4,1.7,.250,0.3,0.4,.667,.433,0.1,0.3,.500,0.0,0.0,0.0,0.7,0.1,0.1,0.1,0.6,2.0,hodgedm01
212,Aaron Holiday,PG,27,HOU,59,1,16.7,2.4,5.4,.453,1.2,2.9,.414,1.2,2.5,.497,.563,0.7,0.8,.889,0.3,1.4,1.7,1.8,0.5,0.1,0.8,1.6,6.7,holidaa01
213,Jrue Holiday,PG,33,BOS,56,56,33.1,4.9,10.2,.482,2.0,4.6,.445,2.9,5.6,.511,.581,1.0,1.2,.824,1.3,4.3,5.6,4.8,0.9,0.7,1.9,1.6,12.9,holidjr01
214,Justin Holiday,SG,34,DEN,38,9,14.4,1.5,3.2,.463,0.9,2.3,.407,0.6,0.9,.600,.607,0.1,0.1,.750,0.2,1.1,1.2,1.0,0.6,0.1,0.2,1.2,3.9,holidju01
215,Richaun Holmes,C-PF,30,TOT,32,2,10.8,1.6,2.9,.553,0.0,0.0,1.000,1.6,2.9,.548,.559,0.6,0.9,.643,1.4,1.9,3.3,0.6,0.2,0.4,0.5,1.5,3.8,holmeri01
215,Richaun Holmes,C,30,DAL,23,2,10.3,1.4,2.6,.559,0.0,0.0,,1.4,2.6,.559,.559,0.5,0.9,.571,1.4,2.0,3.4,0.7,0.1,0.4,0.5,1.4,3.4,holmeri01
215,Richaun Holmes,PF,30,WAS,9,0,12.2,2.1,3.9,.543,0.1,0.1,1.000,2.0,3.8,.529,.557,0.7,0.8,.857,1.2,1.9,3.1,0.3,0.4,0.3,0.4,1.6,5.0,holmeri01
216,Chet Holmgren,C,21,OKC,62,62,30.2,6.4,11.9,.543,1.7,4.3,.393,4.7,7.5,.628,.614,2.6,3.3,.786,1.6,6.2,7.9,2.7,0.7,2.5,1.6,2.5,17.2,holmgch01
217,Jalen Hood-Schifino,SG,20,LAL,21,0,5.2,0.5,2.1,.222,0.1,0.7,.133,0.4,1.4,.267,.244,0.6,1.0,.600,0.1,0.5,0.6,0.4,0.1,0.1,0.4,0.6,1.6,hoodsja01
218,Al Horford,C,37,BOS,51,23,26.7,3.0,6.1,.494,1.5,3.8,.402,1.5,2.3,.644,.619,0.3,0.4,.850,1.3,5.3,6.6,2.7,0.5,1.0,0.7,1.5,7.9,horfoal01
219,Talen Horton-Tucker,PG,23,UTA,40,11,19.9,3.6,9.0,.402,1.1,3.4,.331,2.5,5.6,.444,.464,1.8,2.3,.800,0.5,2.1,2.6,3.8,0.9,0.4,1.4,1.9,10.2,hortota01
220,Danuel House Jr.,SF,30,PHI,34,4,15.0,1.4,3.1,.448,0.4,1.5,.300,0.9,1.6,.582,.519,1.0,1.4,.761,0.5,1.2,1.7,0.8,0.4,0.1,0.6,1.3,4.2,houseda01
221,Caleb Houstan,SF,21,ORL,46,9,14.6,1.5,3.7,.398,1.3,3.5,.381,0.2,0.2,.636,.576,0.4,0.5,.773,0.5,1.1,1.6,0.6,0.3,0.1,0.3,1.1,4.7,houstca01
222,Jett Howard,SF,20,ORL,13,0,3.8,0.6,1.7,.364,0.4,1.3,.294,0.2,0.4,.600,.477,0.2,0.3,.500,0.1,0.3,0.4,0.2,0.0,0.1,0.2,0.2,1.8,howarje01
223,Kevin Huerter,SG,25,SAC,59,54,25.1,4.1,9.1,.450,2.0,5.5,.369,2.1,3.6,.576,.563,0.6,0.8,.766,0.6,3.0,3.6,2.6,0.6,0.4,0.8,2.1,10.8,huertke01
224,Jay Huff,C,25,DEN,12,0,2.8,0.5,0.9,.545,0.3,0.7,.375,0.3,0.3,1.000,.682,0.2,0.2,1.000,0.1,0.7,0.8,0.1,0.1,0.0,0.1,0.6,1.4,huffja01
225,De'Andre Hunter,SF,26,ATL,38,24,28.1,5.2,10.7,.484,2.0,4.7,.424,3.2,6.1,.530,.576,3.1,3.6,.869,0.6,3.2,3.8,1.3,0.8,0.3,1.3,2.7,15.5,huntede01
226,Matthew Hurt,PF,23,MEM,8,0,14.1,1.5,4.3,.353,0.6,2.5,.250,0.9,1.8,.500,.426,0.4,0.4,1.000,1.1,0.9,2.0,0.5,0.4,0.4,0.3,1.0,4.0,hurtma01
227,Bones Hyland,PG,23,LAC,23,2,13.2,2.2,6.1,.357,0.9,3.1,.292,1.3,3.0,.426,.432,0.4,0.5,.833,0.1,0.7,0.8,1.9,0.4,0.1,1.1,1.3,5.7,hylanbo01
228,Joe Ingles,SF,36,ORL,49,0,17.2,1.5,3.7,.411,1.0,2.5,.407,0.5,1.2,.421,.550,0.4,0.4,.857,0.3,1.8,2.2,3.0,0.6,0.1,0.9,1.4,4.4,inglejo01
229,Brandon Ingram,SF,26,NOP,56,56,33.2,8.1,16.4,.492,1.4,3.9,.359,6.7,12.5,.534,.535,4.1,5.1,.806,0.7,4.3,5.0,5.8,0.8,0.6,2.6,2.3,21.7,ingrabr01
230,Kyrie Irving,SG,31,DAL,40,40,34.3,9.7,19.9,.490,3.0,7.2,.420,6.7,12.7,.530,.565,3.2,3.6,.896,0.8,4.4,5.1,5.0,1.2,0.5,1.6,1.9,25.7,irvinky01
231,Jonathan Isaac,PF,26,ORL,42,1,14.8,2.3,4.7,.490,0.5,1.6,.309,1.8,3.0,.586,.543,1.1,1.5,.708,1.2,3.0,4.2,0.5,0.7,1.1,0.5,1.0,6.2,isaacjo01
232,Jaden Ivey,SG,21,DET,57,41,27.9,5.3,11.9,.441,1.5,4.4,.335,3.8,7.5,.503,.503,3.1,4.1,.747,1.2,2.3,3.5,3.6,0.7,0.6,2.4,2.8,15.1,iveyja01
233,Andre Jackson Jr.,SG,22,MIL,48,8,10.5,1.0,1.8,.523,0.3,0.8,.375,0.6,1.0,.646,.608,0.2,0.2,.727,0.8,1.2,2.0,0.9,0.3,0.1,0.5,1.7,2.4,jacksan01
234,GG Jackson II,PF,19,MEM,30,1,20.7,3.8,9.0,.421,1.6,4.5,.366,2.2,4.6,.474,.511,1.8,2.6,.705,1.0,2.5,3.5,0.7,0.5,0.6,1.1,1.1,11.1,jacksgg01
235,Isaiah Jackson,C,22,IND,46,3,13.7,2.8,4.3,.662,0.0,0.1,.000,2.8,4.2,.675,.662,1.3,1.9,.709,1.6,2.6,4.2,0.9,0.6,1.1,0.8,2.5,7.0,jacksis01
236,Jaren Jackson Jr.,C,24,MEM,55,55,32.0,7.8,17.5,.445,1.9,5.7,.324,5.9,11.7,.504,.498,5.2,6.4,.817,1.2,4.4,5.6,2.1,1.1,1.6,2.4,3.5,22.6,jacksja02
237,Justin Jackson,SF,28,MIN,2,0,0.5,0.0,0.0,,0.0,0.0,,0.0,0.0,,,0.0,0.0,,0.0,0.0,0.0,0.0,0.0,0.0,0.0,0.0,0.0,jacksju01
238,Reggie Jackson,PG,33,DEN,62,16,22.7,4.1,9.2,.446,1.2,3.4,.354,2.9,5.8,.500,.511,0.8,1.1,.776,0.4,1.6,2.0,3.8,0.5,0.1,1.3,1.8,10.2,jacksre01
239,Trayce Jackson-Davis,PF,23,GSW,48,3,13.2,2.9,4.1,.697,0.0,0.0,,2.9,4.1,.697,.697,1.0,1.8,.576,1.7,2.4,4.1,0.9,0.3,0.9,0.6,1.6,6.8,jackstr02
240,LeBron James,PF,39,LAL,56,56,35.0,9.6,18.1,.528,2.2,5.4,.405,7.4,12.7,.580,.588,4.0,5.4,.741,0.8,6.2,7.1,8.0,1.3,0.6,3.2,1.2,25.3,jamesle01
241,Jaime Jaquez Jr.,SF,22,MIA,55,17,29.5,4.9,10.0,.493,0.9,2.8,.320,4.0,7.2,.559,.537,2.0,2.4,.812,1.3,2.7,4.0,2.6,1.1,0.2,1.6,2.3,12.7,jaqueja01
242,DaQuan Jeffries,SG,26,NYK,13,0,2.6,0.4,1.1,.357,0.1,0.5,.143,0.3,0.5,.571,.393,0.0,0.2,.000,0.0,0.4,0.4,0.2,0.0,0.0,0.1,0.2,0.8,jeffrda01
243,Trey Jemison,C,24,TOT,11,5,17.3,2.2,4.1,.533,0.0,0.0,,2.2,4.1,.533,.533,0.6,0.8,.778,1.6,2.4,4.0,0.7,0.4,1.0,1.0,3.1,5.0,jemistr01
243,Trey Jemison,C,24,WAS,2,0,0.5,0.0,0.0,,0.0,0.0,,0.0,0.0,,,0.0,0.0,,0.0,0.5,0.5,0.0,0.0,0.0,0.5,0.0,0.0,jemistr01
243,Trey Jemison,C,24,MEM,9,5,21.0,2.7,5.0,.533,0.0,0.0,,2.7,5.0,.533,.533,0.8,1.0,.778,2.0,2.8,4.8,0.9,0.4,1.2,1.1,3.8,6.1,jemistr01
244,Ty Jerome,SG,26,CLE,2,0,7.5,1.0,2.0,.500,0.0,0.5,.000,1.0,1.5,.667,.500,0.0,0.0,,0.5,0.0,0.5,1.5,0.0,0.0,0.5,1.0,2.0,jeromty01
245,Isaiah Joe,SG,24,OKC,58,0,18.4,2.8,6.1,.463,1.9,4.5,.418,0.9,1.6,.591,.617,0.6,0.7,.850,0.4,1.9,2.3,1.1,0.6,0.3,0.6,1.2,8.1,joeis01
246,Cameron Johnson,PF,27,BRK,49,45,27.7,5.0,11.0,.453,2.4,6.2,.396,2.5,4.8,.526,.564,1.4,1.8,.773,1.0,3.4,4.4,2.5,0.8,0.3,1.0,1.9,13.8,johnsca02
247,Jalen Johnson,SF,22,ATL,48,45,34.0,6.3,12.1,.522,1.2,3.4,.346,5.2,8.8,.590,.570,1.8,2.5,.727,1.3,7.3,8.6,3.4,1.1,0.9,1.7,2.5,15.7,johnsja05
248,James Johnson,PF,36,IND,6,0,5.3,0.3,1.0,.333,0.0,0.2,.000,0.3,0.8,.400,.333,0.3,0.3,1.000,0.2,0.5,0.7,1.0,0.7,0.2,0.3,1.2,1.0,johnsja01
249,Keldon Johnson,SF,24,SAS,58,26,29.6,5.7,12.8,.449,1.8,5.2,.342,4.0,7.6,.523,.519,2.6,3.3,.783,1.4,4.1,5.4,3.0,0.8,0.3,1.5,2.3,15.8,johnske04
250,Keon Johnson,SG,21,BRK,4,0,12.8,1.8,4.8,.368,1.0,2.3,.444,0.8,2.5,.300,.474,2.5,2.5,1.000,0.8,0.5,1.3,0.8,0.8,0.3,1.0,1.0,7.0,johnske07
251,Keyontae Johnson,SF,23,OKC,9,0,7.3,0.6,1.8,.313,0.1,0.3,.333,0.4,1.4,.308,.344,0.0,0.0,,0.4,0.7,1.1,0.4,0.1,0.0,0.4,0.6,1.2,johnske08
252,Nikola Jokić,C,28,DEN,60,60,34.2,10.2,17.6,.579,1.1,3.1,.350,9.1,14.5,.627,.609,4.5,5.5,.818,2.9,9.4,12.3,9.2,1.2,0.9,3.0,2.6,25.9,jokicni01
253,Colby Jones,SG,21,SAC,17,0,7.1,1.0,2.7,.370,0.1,0.8,.077,0.9,1.9,.485,.380,0.1,0.3,.400,0.6,0.9,1.5,0.6,0.2,0.1,0.3,0.9,2.2,jonesco02
254,Damian Jones,C,28,CLE,26,0,6.2,0.7,1.3,.545,0.1,0.3,.286,0.6,1.0,.615,.576,0.4,0.4,.909,0.4,1.0,1.3,0.5,0.1,0.4,0.3,0.7,1.8,jonesda03
255,Derrick Jones Jr.,SF,26,DAL,57,47,24.0,3.3,6.7,.490,1.2,3.4,.356,2.1,3.4,.623,.579,1.3,1.8,.720,1.1,2.4,3.5,1.0,0.7,0.7,0.9,1.6,9.0,jonesde02
256,Herbert Jones,SF,25,NOP,57,57,29.3,4.1,7.9,.515,1.6,3.6,.436,2.5,4.4,.581,.614,1.7,2.0,.852,1.1,2.5,3.6,2.5,1.3,0.8,1.2,2.9,11.5,joneshe01
257,Mason Jones,SG,25,SAC,1,0,13.0,0.0,3.0,.000,0.0,2.0,.000,0.0,1.0,.000,.000,1.0,2.0,.500,1.0,3.0,4.0,4.0,0.0,0.0,0.0,0.0,1.0,jonesma05
258,Tre Jones,PG,24,SAS,57,28,26.3,3.8,7.5,.506,0.7,2.3,.313,3.1,5.2,.592,.554,1.4,1.5,.875,0.7,2.6,3.3,5.8,0.9,0.1,1.4,1.2,9.6,jonestr01
259,Tyus Jones,PG,27,WAS,62,62,29.2,5.0,10.2,.495,1.6,3.8,.422,3.4,6.3,.539,.575,0.5,0.6,.789,0.3,2.4,2.7,7.2,1.1,0.3,1.0,0.7,12.2,jonesty01
260,DeAndre Jordan,C,35,DEN,29,1,11.3,1.7,2.6,.632,0.0,0.0,,1.7,2.6,.632,.632,0.8,1.7,.449,1.7,2.9,4.6,0.7,0.2,0.4,0.7,1.7,4.1,jordade01
261,Cory Joseph,PG,32,GSW,26,0,11.4,0.9,2.5,.359,0.5,1.6,.310,0.4,0.8,.455,.461,0.2,0.3,.571,0.2,0.9,1.2,1.6,0.2,0.1,0.5,1.0,2.4,josepco01
262,Nikola Jović,PF,20,MIA,27,19,17.2,2.2,5.0,.440,1.2,2.6,.451,1.0,2.3,.429,.560,0.6,1.0,.536,0.7,3.4,4.1,1.9,0.4,0.3,0.9,1.8,6.1,jovicni01
263,Johnny Juzang,SG,22,UTA,5,0,9.8,1.0,3.4,.294,0.4,2.4,.167,0.6,1.0,.600,.353,0.0,0.0,,0.4,1.0,1.4,0.6,0.0,0.0,0.2,0.4,2.4,juzanjo01
264,Luke Kennard,SG,27,MEM,32,15,25.0,3.6,7.8,.460,2.8,6.0,.461,0.8,1.8,.458,.636,1.2,1.3,.884,0.3,2.5,2.8,3.0,0.5,0.0,1.2,1.1,11.1,kennalu01
265,Walker Kessler,C,22,UTA,51,17,23.3,3.7,5.7,.652,0.1,0.4,.211,3.7,5.4,.682,.659,0.9,1.6,.568,2.5,4.9,7.4,0.9,0.5,2.7,1.0,2.1,8.5,kesslwa01
266,Braxton Key,SF,26,DEN,17,0,3.2,0.4,0.9,.375,0.1,0.2,.250,0.3,0.7,.417,.406,0.2,0.4,.667,0.2,0.6,0.8,0.5,0.1,0.1,0.1,0.3,1.0,keybr01
267,Corey Kispert,SF,24,WAS,60,3,22.7,4.4,9.2,.477,2.0,5.6,.363,2.4,3.6,.656,.588,1.4,1.8,.766,0.3,2.2,2.5,1.7,0.4,0.2,1.2,1.7,12.2,kispeco01
268,Maxi Kleber,C,32,DAL,25,7,22.0,1.7,4.0,.426,0.8,2.4,.328,0.9,1.6,.575,.525,0.8,1.2,.655,0.7,2.8,3.5,1.7,0.3,0.6,0.8,2.0,5.0,klebima01
269,Kevin Knox,SF,24,DET,31,11,18.1,2.8,6.0,.462,1.0,3.0,.330,1.8,3.0,.598,.546,0.6,0.7,.909,0.6,1.8,2.4,0.7,0.4,0.2,0.7,1.6,7.2,knoxke01
270,John Konchar,SF,27,MEM,48,17,19.9,1.5,3.6,.422,0.6,2.1,.303,0.9,1.5,.581,.509,0.4,0.4,.850,1.2,3.1,4.4,1.8,0.9,1.0,0.7,1.3,4.0,konchjo01
271,Furkan Korkmaz,SG,26,PHI,35,0,8.6,0.9,2.2,.395,0.4,1.1,.350,0.5,1.0,.444,.487,0.4,0.6,.700,0.1,0.7,0.9,0.7,0.4,0.1,0.3,0.5,2.5,korkmfu01
272,Luke Kornet,C,28,BOS,44,2,14.6,2.1,3.0,.689,0.0,0.0,,2.1,3.0,.689,.689,0.7,0.8,.886,1.8,2.0,3.8,0.8,0.4,1.0,0.4,1.4,4.8,kornelu01
273,Vit Krejci,PG,23,ATL,2,0,3.0,0.0,0.0,,0.0,0.0,,0.0,0.0,,,0.0,0.0,,0.0,0.0,0.0,0.0,0.0,0.0,0.0,0.5,0.0,krejcvi01
274,Jonathan Kuminga,PF,21,GSW,60,34,25.6,6.0,11.3,.531,0.7,2.3,.304,5.3,9.0,.589,.562,2.9,4.0,.730,1.3,3.4,4.8,2.1,0.7,0.5,1.6,2.1,15.6,kuminjo01
275,Kyle Kuzma,PF,28,WAS,60,60,32.0,8.7,18.9,.462,2.3,6.8,.344,6.4,12.1,.528,.524,2.5,3.2,.772,1.0,5.5,6.5,4.1,0.5,0.7,2.6,2.2,22.3,kuzmaky01
276,Jock Landale,C,28,HOU,36,0,8.9,0.9,2.3,.378,0.1,0.5,.105,0.8,1.8,.460,.390,0.5,0.7,.792,1.3,1.1,2.4,0.6,0.3,0.4,0.3,1.0,2.3,landajo01
277,Jake LaRavia,PF,22,MEM,18,0,15.9,2.2,6.0,.370,0.7,2.8,.235,1.6,3.2,.491,.426,1.4,1.9,.765,1.2,1.9,3.2,0.9,0.4,0.3,0.8,1.8,6.6,laravja01
278,Zach LaVine,SG,28,CHI,25,23,34.9,6.8,15.0,.452,2.4,6.8,.349,4.4,8.3,.536,.531,3.5,4.1,.854,0.3,4.8,5.2,3.9,0.8,0.3,2.1,2.3,19.5,lavinza01
279,A.J. Lawson,SG,23,DAL,29,0,8.0,1.4,3.0,.477,0.4,1.4,.325,1.0,1.6,.609,.552,0.4,0.7,.632,0.4,0.7,1.1,0.4,0.3,0.1,0.3,0.7,3.7,lawsoaj01
280,Saben Lee,PG,24,PHO,19,0,8.3,0.9,2.4,.400,0.1,0.7,.154,0.8,1.7,.500,.422,1.5,1.9,.757,0.4,1.1,1.5,1.3,0.4,0.2,0.4,0.5,3.5,leesa01
281,Alex Len,C,30,SAC,27,0,8.8,1.1,2.0,.574,0.0,0.1,.000,1.1,1.9,.608,.574,0.3,0.6,.412,1.2,1.8,3.0,0.9,0.3,0.6,0.6,1.2,2.6,lenal01
282,Kawhi Leonard,SF,32,LAC,56,56,34.5,9.1,17.3,.523,2.2,5.1,.427,6.9,12.2,.563,.586,3.8,4.3,.891,1.2,5.0,6.2,3.8,1.8,0.8,1.7,1.5,24.1,leonaka01
283,Caris LeVert,SG,29,CLE,50,1,27.9,5.1,12.3,.415,1.7,5.0,.329,3.4,7.3,.474,.482,2.1,2.8,.755,0.5,3.3,3.8,4.7,0.9,0.5,1.5,1.8,14.0,leverca01
284,Kira Lewis Jr.,PG,22,TOT,19,0,8.1,0.9,2.8,.315,0.1,1.1,.095,0.8,1.7,.455,.333,0.5,0.6,.909,0.3,0.5,0.8,1.1,0.3,0.1,0.4,0.5,2.4,lewiski01
284,Kira Lewis Jr.,PG,22,NOP,15,0,9.6,1.1,3.5,.308,0.1,1.3,.100,0.9,2.1,.438,.327,0.7,0.7,.909,0.3,0.7,0.9,1.2,0.3,0.1,0.5,0.5,2.9,lewiski01
284,Kira Lewis Jr.,PG,22,TOR,1,0,2.0,0.0,0.0,,0.0,0.0,,0.0,0.0,,,0.0,0.0,,0.0,0.0,0.0,0.0,0.0,0.0,0.0,1.0,0.0,lewiski01
284,Kira Lewis Jr.,PG,22,UTA,3,0,2.3,0.3,0.7,.500,0.0,0.3,.000,0.3,0.3,1.000,.500,0.0,0.0,,0.3,0.0,0.3,1.0,0.3,0.0,0.0,0.0,0.7,lewiski01
285,Maxwell Lewis,SF,21,LAL,22,0,3.4,0.1,0.5,.250,0.0,0.1,.333,0.1,0.4,.222,.292,0.0,0.0,,0.0,0.1,0.1,0.1,0.1,0.0,0.3,0.2,0.3,lewisma05
286,E.J. Liddell,PF,23,NOP,8,0,2.9,0.1,0.8,.167,0.0,0.6,.000,0.1,0.1,1.000,.167,0.3,0.3,1.000,0.0,0.6,0.6,0.1,0.3,0.3,0.3,0.3,0.5,liddeej01
287,Damian Lillard,PG,33,MIL,58,58,34.9,7.4,17.4,.423,3.0,8.5,.350,4.4,8.9,.493,.509,6.7,7.3,.927,0.5,3.8,4.3,6.7,1.1,0.2,2.6,1.8,24.4,lillada01
288,Nassir Little,SF,23,PHO,34,2,12.5,1.4,3.1,.458,0.6,1.8,.317,0.9,1.4,.638,.547,0.5,0.6,.850,0.4,1.7,2.1,0.6,0.3,0.3,0.4,1.1,3.9,littlna01
289,Dereck Lively II,C,19,DAL,44,42,24.7,4.0,5.3,.744,0.0,0.0,.000,4.0,5.3,.750,.744,0.8,1.6,.529,2.7,4.5,7.1,1.2,0.7,1.5,1.0,2.8,8.8,livelde01
290,Isaiah Livers,PF,25,DET,23,6,20.4,1.7,5.0,.345,1.0,3.3,.286,0.8,1.7,.462,.440,0.5,0.8,.667,0.7,1.4,2.1,1.1,0.6,0.2,0.7,1.9,5.0,liveris01
291,Chris Livingston,SF,20,MIL,16,0,4.3,0.4,1.0,.438,0.1,0.2,.333,0.4,0.8,.462,.469,0.1,0.1,1.000,0.1,0.8,0.9,0.3,0.1,0.0,0.3,0.7,1.1,livinch01
292,Kenneth Lofton Jr.,PF,21,TOT,17,0,6.4,0.9,2.5,.349,0.2,0.7,.250,0.7,1.8,.387,.384,0.5,0.9,.533,0.1,0.9,1.1,0.8,0.2,0.2,0.5,0.9,2.4,loftoke01
292,Kenneth Lofton Jr.,PF,21,MEM,15,0,6.6,0.9,2.5,.378,0.2,0.7,.300,0.7,1.8,.407,.419,0.5,1.0,.533,0.1,0.9,1.0,0.9,0.2,0.2,0.4,1.0,2.6,loftoke01
292,Kenneth Lofton Jr.,PF,21,PHI,2,0,4.5,0.5,3.0,.167,0.0,1.0,.000,0.5,2.0,.250,.167,0.0,0.0,,0.0,1.5,1.5,0.0,0.0,0.0,1.0,0.0,1.0,loftoke01
293,Kevon Looney,C,27,GSW,61,36,16.9,1.9,3.2,.595,0.0,0.0,.000,1.9,3.2,.598,.595,0.8,1.1,.676,2.0,3.9,5.9,2.0,0.4,0.4,0.7,2.2,4.6,looneke01
294,Brook Lopez,C,35,MIL,60,60,31.2,4.7,9.9,.476,1.8,5.2,.346,2.9,4.7,.619,.567,1.4,1.7,.822,1.5,3.9,5.4,1.7,0.6,2.6,0.9,2.5,12.6,lopezbr01
295,Robin Lopez,C,35,MIL,16,2,4.1,0.4,1.2,.368,0.1,0.5,.250,0.3,0.7,.455,.421,0.1,0.1,1.000,0.2,0.1,0.3,0.3,0.1,0.2,0.1,0.4,1.1,lopezro01
296,Kevin Love,PF,35,MIA,47,5,17.5,2.9,6.5,.443,1.6,4.5,.349,1.3,2.0,.656,.564,1.7,2.2,.779,1.1,5.1,6.2,2.2,0.3,0.2,0.8,1.8,9.0,loveke01
297,Kyle Lowry,PG,37,TOT,43,38,28.2,2.8,6.5,.431,1.7,4.3,.391,1.1,2.3,.505,.559,1.0,1.2,.860,0.7,2.8,3.5,4.2,1.0,0.4,1.4,2.5,8.3,lowryky01
297,Kyle Lowry,PG,37,MIA,37,35,28.0,2.8,6.5,.426,1.7,4.4,.385,1.1,2.2,.506,.554,0.9,1.1,.833,0.7,2.8,3.5,4.0,1.1,0.4,1.4,2.5,8.2,lowryky01
297,Kyle Lowry,PG,37,PHI,6,3,29.2,3.0,6.5,.462,1.7,3.8,.435,1.3,2.7,.500,.590,1.3,1.3,1.000,0.7,2.7,3.3,5.7,1.0,0.2,1.5,2.3,9.0,lowryky01
298,Seth Lundy,SF,23,ATL,9,0,5.8,0.4,1.9,.235,0.3,1.4,.231,0.1,0.4,.250,.324,0.3,0.4,.750,0.1,0.7,0.8,0.0,0.0,0.0,0.1,0.7,1.6,lundyse01
299,Trey Lyles,PF,28,SAC,46,0,20.0,2.5,5.5,.452,1.5,3.8,.386,1.0,1.7,.605,.587,0.8,1.2,.684,1.0,3.5,4.5,1.2,0.3,0.3,0.7,1.6,7.3,lylestr01
300,Théo Maledon,PG,22,TOT,17,1,12.5,1.2,4.1,.286,0.3,1.8,.167,0.9,2.4,.375,.321,0.8,0.9,.933,0.2,1.2,1.4,1.6,0.4,0.0,1.1,1.2,3.5,maledth01
300,Théo Maledon,PG,22,CHO,13,1,15.4,1.5,5.1,.288,0.4,2.3,.167,1.1,2.8,.389,.326,0.8,0.9,.917,0.3,1.5,1.8,2.2,0.5,0.0,1.2,1.4,4.2,maledth01
300,Théo Maledon,PG,22,PHO,4,0,3.3,0.3,1.0,.250,0.0,0.0,,0.3,1.0,.250,.250,0.8,0.8,1.000,0.0,0.3,0.3,0.0,0.0,0.0,0.8,0.8,1.3,maledth01
301,Sandro Mamukelashvili,C,24,SAS,33,0,6.5,0.9,2.2,.437,0.2,1.0,.235,0.7,1.1,.622,.493,0.4,0.5,.706,0.6,1.1,1.7,0.8,0.2,0.2,0.2,0.7,2.5,mamuksa01
302,Terance Mann,SG,27,LAC,55,51,25.2,3.1,6.4,.493,0.9,2.7,.331,2.2,3.6,.615,.564,0.9,1.2,.797,1.3,2.2,3.5,1.8,0.5,0.2,0.6,1.9,8.1,mannte01
303,Tre Mann,PG,22,TOT,24,11,18.9,2.8,6.2,.459,1.0,2.5,.410,1.8,3.6,.494,.544,0.7,0.8,.800,0.4,3.0,3.4,3.0,0.9,0.0,1.1,1.0,7.4,manntr01
303,Tre Mann,PG,22,OKC,13,0,9.2,1.5,3.1,.500,0.6,1.5,.421,0.9,1.6,.571,.600,0.1,0.1,1.000,0.3,1.5,1.8,1.5,0.2,0.0,0.7,0.2,3.8,manntr01
303,Tre Mann,PG,22,CHO,11,11,30.5,4.4,9.8,.444,1.5,3.8,.405,2.8,6.0,.470,.523,1.4,1.7,.789,0.5,4.7,5.2,4.7,1.6,0.0,1.5,2.0,11.6,manntr01
304,Boban Marjanović,C,35,HOU,9,0,5.3,1.1,2.3,.476,0.0,0.2,.000,1.1,2.1,.526,.476,0.3,0.7,.500,0.7,1.8,2.4,0.4,0.0,0.1,0.2,0.4,2.6,marjabo01
305,Lauri Markkanen,PF,26,UTA,51,51,32.9,7.7,16.0,.483,3.2,8.0,.401,4.5,8.0,.565,.583,4.4,4.9,.888,2.3,6.0,8.3,2.0,0.9,0.5,1.3,1.9,23.1,markkla01
306,Naji Marshall,SF,26,NOP,50,1,18.9,2.5,5.5,.449,0.8,2.2,.366,1.7,3.3,.506,.524,1.2,1.6,.785,0.9,2.6,3.6,2.0,0.7,0.2,1.1,1.4,7.0,marshna01
307,Caleb Martin,SF,28,MIA,44,19,27.0,3.9,8.6,.456,1.3,3.3,.393,2.6,5.3,.496,.532,1.3,1.6,.778,1.2,3.5,4.7,2.1,0.7,0.4,1.2,2.1,10.4,martica02
308,Cody Martin,SF,28,CHO,28,22,26.9,2.9,7.7,.381,1.0,3.1,.314,2.0,4.6,.426,.444,0.7,1.2,.606,0.7,3.2,3.9,3.7,1.1,0.6,1.6,1.7,7.5,martico01
309,KJ Martin,SF,23,TOT,45,2,11.6,1.6,2.8,.565,0.1,0.5,.286,1.4,2.3,.621,.589,0.4,0.7,.516,0.5,1.4,1.9,0.8,0.4,0.2,0.5,1.6,3.6,martike04
309,KJ Martin,SF,23,LAC,2,0,15.5,2.0,5.0,.400,0.5,2.5,.200,1.5,2.5,.600,.450,0.5,1.0,.500,0.5,1.0,1.5,0.5,1.0,0.5,1.0,1.5,5.0,martike04
309,KJ Martin,SF,23,PHI,43,2,11.4,1.5,2.7,.579,0.1,0.4,.313,1.4,2.3,.622,.601,0.3,0.7,.517,0.5,1.4,1.9,0.8,0.4,0.1,0.5,1.6,3.5,martike04
310,Garrison Mathews,SG,27,ATL,46,4,12.9,1.1,2.5,.431,1.0,2.3,.425,0.1,0.2,.500,.625,0.3,0.4,.722,0.3,1.1,1.3,0.4,0.2,0.1,0.3,1.6,3.4,mathega01
311,Bennedict Mathurin,SF,21,IND,59,19,26.1,5.0,11.2,.446,1.4,3.6,.374,3.7,7.6,.481,.507,3.1,3.8,.821,1.0,2.9,4.0,2.0,0.6,0.2,1.6,2.0,14.5,mathube01
312,Wesley Matthews,SG,37,ATL,22,1,11.2,0.7,2.2,.313,0.5,1.7,.270,0.2,0.5,.455,.417,0.6,0.9,.700,0.2,1.3,1.5,0.6,0.5,0.3,0.3,1.3,2.5,matthwe02
313,Tyrese Maxey,PG,23,PHI,55,55,37.4,9.0,20.1,.449,3.1,8.1,.378,6.0,12.1,.496,.524,4.9,5.6,.871,0.6,3.2,3.7,6.3,1.0,0.5,1.7,2.2,26.0,maxeyty01
314,Skylar Mays,PG-SG,26,TOT,31,5,13.5,2.0,5.0,.397,0.5,1.7,.296,1.5,3.3,.451,.449,0.4,0.5,.765,0.3,1.0,1.4,2.7,0.5,0.1,0.6,0.8,4.9,mayssk01
314,Skylar Mays,PG,26,POR,21,5,17.0,2.5,6.6,.384,0.7,2.3,.286,1.9,4.2,.438,.435,0.6,0.8,.765,0.4,1.3,1.8,3.6,0.7,0.1,0.9,1.0,6.3,mayssk01
314,Skylar Mays,SG,26,LAL,10,0,6.3,0.9,1.8,.500,0.2,0.5,.400,0.7,1.3,.538,.556,0.0,0.0,,0.1,0.4,0.5,0.8,0.3,0.1,0.1,0.5,2.0,mayssk01
315,Miles McBride,PG,23,NYK,49,5,14.7,2.4,5.5,.433,1.2,3.1,.395,1.2,2.4,.483,.544,0.4,0.6,.815,0.3,0.8,1.1,1.4,0.6,0.1,0.4,1.3,6.4,mcbrimi01
316,CJ McCollum,PG,32,NOP,46,46,31.4,6.8,14.8,.457,3.4,8.0,.422,3.4,6.8,.497,.570,1.8,2.2,.794,0.6,3.7,4.3,4.5,1.0,0.7,1.5,2.1,18.7,mccolcj01
317,T.J. McConnell,PG,31,IND,52,4,17.7,4.0,7.3,.553,0.1,0.4,.304,3.9,6.8,.569,.562,0.7,0.9,.771,0.6,2.1,2.7,5.5,1.0,0.1,1.5,1.1,8.9,mccontj01
318,Jaden McDaniels,SF,23,MIN,52,51,29.0,4.3,8.4,.505,1.2,3.4,.360,3.0,5.0,.604,.578,0.7,1.0,.745,0.8,2.0,2.8,1.3,0.9,0.6,1.3,3.1,10.5,mcdanja02
319,Jalen McDaniels,SF,26,TOR,35,0,8.6,1.0,3.1,.327,0.3,1.5,.204,0.7,1.5,.453,.379,0.4,0.6,.700,0.3,0.9,1.2,0.5,0.3,0.1,0.5,0.9,2.7,mcdanja01
320,Doug McDermott,SF,32,TOT,52,0,14.7,2.0,4.6,.427,1.5,3.7,.415,0.4,0.9,.478,.594,0.2,0.4,.579,0.2,0.8,1.0,1.2,0.2,0.0,0.5,1.0,5.7,mcderdo01
320,Doug McDermott,SF,32,SAS,46,0,15.2,2.1,4.7,.442,1.7,3.8,.439,0.4,0.9,.452,.619,0.2,0.4,.588,0.2,0.9,1.0,1.2,0.2,0.0,0.5,1.0,6.0,mcderdo01
320,Doug McDermott,SF,32,IND,6,0,11.0,1.2,4.0,.292,0.7,3.3,.200,0.5,0.7,.750,.375,0.2,0.3,.500,0.2,0.3,0.5,0.7,0.0,0.0,0.2,0.5,3.2,mcderdo01
321,JaVale McGee,C,36,SAC,39,0,7.9,1.9,3.0,.629,0.0,0.1,.000,1.9,2.9,.652,.629,0.6,1.1,.581,0.9,1.9,2.9,0.4,0.2,0.5,0.8,1.1,4.4,mcgeeja01
322,Bryce McGowens,SG,21,CHO,49,13,15.9,1.8,3.9,.458,0.6,1.8,.345,1.2,2.1,.552,.536,1.0,1.4,.761,0.3,1.5,1.8,0.9,0.4,0.1,0.5,1.4,5.2,mcgowbr01
323,Jordan McLaughlin,PG,27,MIN,37,0,8.9,1.0,2.3,.424,0.6,1.3,.429,0.4,1.0,.417,.547,0.1,0.2,.500,0.3,0.8,1.0,1.7,0.7,0.2,0.4,0.5,2.6,mclaujo01
324,De'Anthony Melton,SG,25,PHI,36,33,27.8,3.8,9.7,.391,2.1,5.8,.362,1.7,3.9,.433,.499,1.8,2.2,.835,0.8,3.1,3.8,3.1,1.6,0.4,1.1,2.3,11.5,meltode01
325,Nathan Mensah,C,25,CHO,25,0,12.3,0.5,1.1,.429,0.0,0.0,,0.5,1.1,.429,.429,0.4,0.5,.750,1.2,1.4,2.6,0.4,0.2,0.6,0.6,2.6,1.3,mensana01
326,Sam Merrill,SG,27,CLE,44,1,16.1,2.6,6.3,.422,2.3,5.5,.421,0.3,0.8,.424,.607,0.3,0.3,.923,0.4,1.6,2.0,1.5,0.3,0.0,0.3,1.1,7.9,merrisa01
327,Chimezie Metu,C,26,PHO,37,5,12.1,1.8,3.5,.508,0.4,1.4,.294,1.4,2.1,.646,.565,1.0,1.2,.884,0.6,2.3,3.0,0.5,0.5,0.2,0.7,1.1,5.0,metuch01
328,Vasilije Micić,PG,30,TOT,41,2,15.1,1.9,4.6,.416,0.5,1.9,.244,1.5,2.7,.536,.466,0.7,0.9,.789,0.2,0.9,1.1,3.4,0.4,0.1,1.3,0.9,5.0,micicva01
328,Vasilije Micić,PG,30,OKC,30,0,12.0,1.2,3.0,.407,0.4,1.5,.244,0.9,1.5,.565,.467,0.5,0.6,.737,0.0,0.8,0.8,2.5,0.3,0.1,1.0,0.7,3.3,micicva01
328,Vasilije Micić,PG,30,CHO,11,2,23.5,3.8,9.0,.424,0.7,3.0,.242,3.1,6.0,.515,.465,1.5,1.7,.842,0.5,1.3,1.8,5.7,0.7,0.0,2.1,1.4,9.8,micicva01
329,Khris Middleton,SF,32,MIL,43,43,26.3,5.6,11.6,.487,1.7,4.5,.378,3.9,7.1,.556,.560,1.8,2.2,.832,0.6,3.7,4.3,5.0,0.9,0.3,2.1,2.4,14.8,middlkh01
330,Brandon Miller,SF,21,CHO,55,49,32.0,6.3,14.3,.440,2.4,6.2,.380,3.9,8.1,.487,.523,1.8,2.1,.829,0.9,3.3,4.2,2.4,0.9,0.5,1.8,2.5,16.7,millebr02
331,Jordan Miller,SF,24,LAC,5,0,4.2,0.8,1.2,.667,0.2,0.2,1.000,0.6,1.0,.600,.750,0.4,0.4,1.000,0.4,0.4,0.8,0.0,0.0,0.0,0.2,0.4,2.2,millejo02
332,Leonard Miller,SF,20,MIN,7,0,3.7,1.0,1.6,.636,0.1,0.4,.333,0.9,1.1,.750,.682,0.0,0.0,,0.1,1.3,1.4,0.4,0.1,0.1,0.1,0.4,2.1,millele01
333,Dariq Whitehead,SF,19,BRK,2,0,12.0,0.5,2.5,.200,0.0,1.5,.000,0.5,1.0,.500,.200,0.5,1.0,.500,0.0,2.0,2.0,1.5,0.0,0.5,0.0,0.0,1.5,whiteda01
334,Patty Mills,PG,35,ATL,19,0,10.6,1.0,2.7,.373,0.7,1.8,.382,0.3,0.9,.353,.500,0.0,0.0,,0.3,0.8,1.1,0.7,0.5,0.1,0.4,0.9,2.7,millspa02
335,Shake Milton,SG,27,TOT,42,0,13.2,1.8,4.4,.403,0.4,1.5,.274,1.4,3.0,.468,.449,0.9,1.1,.809,0.3,1.3,1.6,1.3,0.4,0.1,0.7,1.1,4.9,miltosh01
335,Shake Milton,SG,27,MIN,38,0,12.9,1.7,4.2,.400,0.4,1.4,.264,1.3,2.8,.467,.444,0.9,1.2,.818,0.2,1.2,1.3,1.3,0.4,0.1,0.7,1.2,4.7,miltosh01
335,Shake Milton,SG,27,DET,4,0,15.8,2.8,6.5,.423,0.8,2.3,.333,2.0,4.3,.471,.481,0.5,0.8,.667,1.8,2.8,4.5,1.5,0.5,0.3,0.8,0.8,6.8,miltosh01
336,Justin Minaya,SF,24,POR,20,0,8.1,0.4,1.4,.250,0.2,1.0,.211,0.2,0.5,.333,.321,0.2,0.3,.500,0.5,0.6,1.1,0.4,0.3,0.3,0.3,0.6,1.1,minayju01
337,Josh Minott,SF,21,MIN,21,0,3.0,0.5,1.0,.476,0.0,0.3,.167,0.4,0.7,.600,.500,0.6,0.7,.857,0.1,0.4,0.6,0.1,0.1,0.1,0.1,0.3,1.6,minotjo01
338,Davion Mitchell,PG,25,SAC,51,4,13.5,1.6,3.7,.449,0.6,1.8,.340,1.0,1.8,.559,.535,0.4,0.5,.741,0.2,0.9,1.1,1.7,0.2,0.1,0.6,1.3,4.3,mitchda01
339,Donovan Mitchell,SG,27,CLE,47,47,35.7,9.7,20.4,.472,3.4,9.1,.371,6.3,11.3,.553,.555,5.3,6.1,.861,0.9,4.5,5.4,6.2,1.8,0.5,2.9,2.3,28.0,mitchdo01
340,Evan Mobley,PF,22,CLE,38,38,31.1,6.5,11.2,.578,0.3,0.9,.314,6.2,10.3,.602,.591,2.3,3.3,.704,2.4,7.8,10.2,3.1,0.9,1.6,1.9,2.8,15.6,mobleev01
341,Isaiah Mobley,PF,24,CLE,3,0,4.7,0.7,1.3,.500,0.3,0.7,.500,0.3,0.7,.500,.625,0.0,0.0,,0.0,0.7,0.7,1.3,0.3,0.0,0.3,0.7,1.7,mobleis01
342,Malik Monk,SG,25,SAC,60,0,26.1,5.5,12.3,.451,2.2,6.0,.375,3.3,6.3,.522,.542,2.3,2.8,.808,0.4,2.5,2.9,5.3,0.6,0.6,2.1,2.1,15.6,monkma01
343,Moses Moody,SG,21,GSW,47,8,17.6,3.0,6.5,.467,1.1,3.0,.350,2.0,3.4,.571,.549,1.0,1.3,.778,1.0,2.0,3.0,0.8,0.7,0.4,0.7,1.2,8.1,moodymo01
344,Xavier Moon,SG,29,LAC,2,0,6.0,0.5,1.0,.500,0.0,0.5,.000,0.5,0.5,1.000,.500,0.0,0.0,,0.0,1.0,1.0,1.5,0.0,0.0,0.5,0.5,1.0,moonxa01
345,Taze Moore,SG,25,POR,3,0,3.3,1.0,1.7,.600,0.0,0.7,.000,1.0,1.0,1.000,.600,0.0,0.0,,0.0,0.0,0.0,0.3,0.3,0.0,0.3,0.7,2.0,mooreta02
346,Wendell Moore Jr.,SG,22,MIN,14,0,3.1,0.4,0.7,.500,0.0,0.3,.000,0.4,0.4,.833,.500,0.0,0.0,,0.0,0.4,0.4,0.1,0.4,0.1,0.2,0.3,0.7,moorewe01
347,Ja Morant,PG,24,MEM,9,9,35.3,8.9,18.9,.471,1.6,5.7,.275,7.3,13.2,.555,.512,5.8,7.1,.813,0.7,4.9,5.6,8.1,0.8,0.6,3.0,2.1,25.1,moranja01
348,Marcus Morris,PF,34,PHI,37,7,17.2,2.4,5.5,.439,1.0,2.4,.400,1.5,3.1,.470,.527,0.8,1.0,.861,0.5,2.5,2.9,0.7,0.4,0.3,0.5,1.6,6.7,morrima03
349,Markieff Morris,PF,34,DAL,18,1,8.9,0.9,2.7,.327,0.6,1.7,.333,0.3,1.1,.316,.429,0.2,0.2,.750,0.2,1.4,1.7,0.6,0.3,0.1,0.5,0.6,2.5,morrima02
350,Monte Morris,PG,28,TOT,16,0,14.7,2.1,5.6,.371,0.7,2.3,.306,1.4,3.3,.415,.433,0.4,0.6,.667,0.3,1.4,1.8,2.4,0.5,0.2,0.3,0.4,5.2,morrimo01
350,Monte Morris,PG,28,DET,6,0,11.3,2.0,5.5,.364,0.3,1.8,.182,1.7,3.7,.455,.394,0.2,0.3,.500,0.3,1.7,2.0,1.3,0.2,0.2,0.3,0.2,4.5,morrimo01
350,Monte Morris,PG,28,MIN,10,0,16.7,2.1,5.6,.375,0.9,2.5,.360,1.2,3.1,.387,.455,0.5,0.7,.714,0.3,1.3,1.6,3.0,0.7,0.2,0.2,0.5,5.6,morrimo01
351,Trey Murphy III,SF,23,NOP,37,10,27.0,4.6,10.4,.439,2.8,7.5,.376,1.7,2.9,.604,.575,1.7,2.3,.753,0.6,3.5,4.2,1.8,0.9,0.5,0.4,1.2,13.7,murphtr02
352,Dejounte Murray,SG,27,ATL,59,59,35.1,8.2,17.8,.462,2.2,6.3,.353,6.0,11.5,.522,.525,2.8,3.5,.809,0.7,4.6,5.3,5.7,1.3,0.3,2.3,1.7,21.5,murrade01
353,Jamal Murray,PG,26,DEN,46,46,31.6,7.9,16.5,.479,2.4,5.7,.417,5.5,10.8,.512,.551,2.5,3.0,.854,0.7,3.3,4.0,6.5,0.8,0.7,2.1,1.8,20.8,murraja01
354,Keegan Murray,SF,23,SAC,57,57,32.9,5.7,12.2,.465,2.2,6.1,.360,3.5,6.1,.571,.555,1.4,1.6,.828,1.3,4.0,5.2,1.7,1.1,0.7,0.9,2.7,14.9,murrake02
355,Kris Murray,SF,23,POR,41,8,16.2,1.7,4.2,.405,0.6,2.0,.274,1.1,2.2,.528,.471,0.4,0.7,.621,0.9,1.6,2.5,0.9,0.9,0.2,0.6,1.2,4.4,murrakr01
356,Mike Muscala,C,32,TOT,38,6,13.7,1.3,3.7,.360,0.7,2.3,.318,0.6,1.3,.431,.460,0.4,0.6,.708,0.8,2.0,2.8,0.8,0.2,0.3,0.5,1.2,3.8,muscami01
356,Mike Muscala,C,32,WAS,24,2,14.1,1.4,3.8,.367,0.6,2.1,.275,0.8,1.6,.487,.444,0.6,0.8,.750,0.9,2.2,3.1,0.9,0.2,0.3,0.7,1.3,4.0,muscami01
356,Mike Muscala,C,32,DET,13,4,13.2,1.2,3.4,.341,1.0,2.6,.382,0.2,0.8,.200,.489,0.2,0.3,.500,0.8,1.5,2.2,0.8,0.2,0.4,0.2,1.0,3.5,muscami01
356,Mike Muscala,C,32,OKC,1,0,11.0,2.0,5.0,.400,1.0,3.0,.333,1.0,2.0,.500,.500,0.0,0.0,,0.0,3.0,3.0,0.0,0.0,0.0,0.0,0.0,5.0,muscami01
357,Svi Mykhailiuk,SF,26,BOS,26,0,7.9,1.0,2.8,.351,0.7,2.3,.322,0.3,0.6,.467,.480,0.1,0.2,.500,0.3,0.7,1.0,0.5,0.3,0.0,0.3,0.5,2.8,mykhasv01
358,Larry Nance Jr.,C,31,NOP,44,0,18.4,2.1,3.6,.589,0.5,1.1,.426,1.7,2.5,.658,.652,0.6,0.9,.718,1.5,3.7,5.2,1.6,0.9,0.4,0.9,1.5,5.3,nancela02
359,Pete Nance,PF,23,CLE,2,0,2.0,0.0,1.0,.000,0.0,0.0,,0.0,1.0,.000,.000,0.0,0.0,,0.0,0.0,0.0,0.0,0.0,0.0,0.0,0.0,0.0,nancepe01
360,Andrew Nembhard,PG,24,IND,49,28,23.6,3.9,7.8,.493,0.8,2.3,.360,3.0,5.5,.550,.547,0.6,0.8,.789,0.6,1.3,1.9,4.3,1.0,0.1,1.6,1.9,9.2,nembhan01
361,Aaron Nesmith,SF,24,IND,54,29,26.9,4.4,8.7,.513,2.1,4.6,.448,2.4,4.1,.586,.631,1.3,1.9,.706,0.9,2.9,3.8,1.5,1.0,0.6,1.0,3.3,12.3,nesmiaa01
362,Georges Niang,PF,30,CLE,62,2,21.4,3.2,7.4,.433,1.7,4.6,.361,1.5,2.8,.552,.546,0.6,0.7,.822,0.3,3.2,3.5,1.2,0.3,0.2,0.8,2.3,8.6,niangge01
363,Daishen Nix,PG,21,MIN,10,0,3.5,0.8,1.9,.421,0.5,1.3,.385,0.3,0.6,.500,.553,0.1,0.4,.250,0.0,0.1,0.1,0.2,0.2,0.0,0.1,0.1,2.2,nixda01
364,Zeke Nnaji,PF,23,DEN,47,0,9.8,1.2,2.7,.430,0.1,0.4,.238,1.1,2.3,.467,.449,0.8,1.2,.709,1.2,1.0,2.2,0.6,0.3,0.7,0.6,1.4,3.3,nnajize01
365,Jaylen Nowell,SG,24,MEM,9,1,17.3,2.4,6.1,.400,0.4,2.6,.174,2.0,3.6,.563,.436,0.3,0.3,1.000,0.3,1.2,1.6,1.8,0.3,0.0,0.6,1.4,5.7,nowelja01
366,Markquis Nowell,SG,24,TOR,1,0,4.0,0.0,1.0,.000,0.0,0.0,,0.0,1.0,.000,.000,2.0,2.0,1.000,2.0,0.0,2.0,2.0,1.0,0.0,0.0,0.0,2.0,nowelma01
367,Frank Ntilikina,PG,25,CHO,5,0,8.6,0.2,1.8,.111,0.2,1.6,.125,0.0,0.2,.000,.167,0.4,0.4,1.000,0.2,1.0,1.2,0.8,0.0,0.0,0.2,0.8,1.0,ntilila01
368,Jusuf Nurkić,C,29,PHO,58,58,27.2,4.5,8.8,.516,0.4,1.5,.241,4.2,7.3,.572,.536,2.3,3.5,.668,2.8,7.9,10.7,3.8,1.0,1.1,2.2,3.4,11.8,nurkiju01
369,Jordan Nwora,SF,25,TOT,33,1,11.0,2.0,4.8,.420,0.7,2.1,.314,1.3,2.6,.506,.490,0.8,1.0,.875,0.5,1.6,2.1,1.1,0.4,0.1,0.6,1.1,5.5,nworajo01
369,Jordan Nwora,SF,25,IND,18,0,10.2,2.1,4.6,.451,0.6,2.0,.306,1.4,2.6,.565,.518,0.5,0.6,.818,0.4,1.4,1.8,1.0,0.3,0.1,0.7,1.1,5.2,nworajo01
369,Jordan Nwora,SF,25,TOR,15,1,12.1,1.9,5.0,.387,0.7,2.3,.324,1.2,2.7,.439,.460,1.3,1.4,.905,0.6,1.9,2.5,1.1,0.4,0.2,0.5,1.1,5.9,nworajo01
370,Royce O'Neale,SF,30,TOT,59,10,25.2,2.7,7.0,.388,2.1,5.6,.373,0.6,1.4,.451,.538,0.4,0.5,.677,0.8,4.0,4.8,2.9,0.8,0.6,1.0,2.4,7.9,onealro01
370,Royce O'Neale,SF,30,BRK,49,6,24.5,2.6,6.6,.388,2.0,5.4,.366,0.6,1.2,.483,.537,0.3,0.4,.682,0.8,3.7,4.5,2.8,0.7,0.6,1.0,2.4,7.4,onealro01
370,Royce O'Neale,SF,30,PHO,10,4,28.5,3.4,8.7,.391,2.6,6.5,.400,0.8,2.2,.364,.540,0.6,0.9,.667,0.8,5.3,6.1,3.5,1.5,0.7,0.8,2.2,10.0,onealro01
371,Chuma Okeke,SF,25,ORL,37,8,10.6,1.0,2.7,.376,0.6,2.0,.311,0.4,0.7,.556,.490,0.1,0.1,.400,0.5,1.5,2.0,0.5,0.2,0.2,0.3,0.5,2.7,okekech01
372,Josh Okogie,SG,25,PHO,54,11,17.1,1.5,3.7,.417,0.5,1.7,.297,1.0,2.0,.519,.485,1.4,1.9,.740,1.3,1.4,2.7,1.1,0.9,0.4,0.6,1.2,4.9,okogijo01
373,Onyeka Okongwu,C,23,ATL,53,8,25.8,4.0,6.6,.610,0.4,1.2,.338,3.6,5.4,.671,.641,1.7,2.2,.800,2.7,4.3,7.0,1.3,0.4,1.1,0.8,3.0,10.2,okongon01
374,Isaac Okoro,SF,23,CLE,53,30,26.5,3.5,7.0,.501,1.2,3.1,.399,2.3,4.0,.581,.588,1.4,2.1,.688,1.0,2.0,3.0,2.0,0.9,0.5,0.8,2.0,9.7,okorois01
375,Kelly Olynyk,C,32,TOT,60,9,20.6,3.0,5.5,.539,0.7,1.8,.396,2.3,3.7,.607,.603,1.8,2.2,.845,1.3,3.7,5.0,4.2,0.9,0.3,1.6,2.7,8.5,olynyke01
375,Kelly Olynyk,C,32,UTA,50,8,20.4,2.9,5.2,.562,0.7,1.7,.429,2.2,3.5,.626,.632,1.6,1.9,.842,1.3,3.8,5.1,4.4,0.7,0.2,1.6,2.6,8.1,olynyke01
375,Kelly Olynyk,C,32,TOR,10,1,21.4,3.3,7.2,.458,0.6,2.2,.273,2.7,5.0,.540,.500,2.9,3.4,.853,1.5,2.9,4.4,3.3,1.6,0.7,1.3,2.7,10.1,olynyke01
376,Eugene Omoruyi,SF,26,WAS,30,0,7.6,1.7,3.5,.490,0.2,0.9,.231,1.5,2.6,.577,.519,0.8,1.1,.727,0.8,1.2,2.0,0.8,0.6,0.0,0.5,1.4,4.4,omorueu01
377,Cedi Osman,SF,28,SAS,62,1,17.6,2.5,5.3,.474,1.1,3.0,.376,1.4,2.3,.606,.582,0.5,0.8,.680,0.4,2.1,2.5,1.7,0.5,0.1,0.7,1.5,6.8,osmande01
378,Kelly Oubre Jr.,SF,28,PHI,49,33,29.1,5.3,11.8,.451,1.4,4.6,.305,3.9,7.3,.542,.509,2.3,3.1,.752,1.3,3.2,4.5,1.2,1.2,0.5,1.1,3.0,14.4,oubreke01
379,Chris Paul,PG,38,GSW,37,11,26.9,3.2,7.6,.421,1.4,3.8,.373,1.8,3.7,.471,.516,1.0,1.2,.826,0.3,3.4,3.7,7.1,1.3,0.1,1.2,1.8,8.8,paulch01
380,Cameron Payne,PG,29,TOT,58,5,15.9,2.5,5.6,.442,1.2,3.2,.388,1.3,2.5,.510,.551,0.9,1.0,.862,0.2,1.2,1.4,2.5,0.5,0.1,0.7,1.6,7.1,payneca01
380,Cameron Payne,PG,29,MIL,47,2,14.9,2.1,4.7,.455,1.1,2.8,.397,1.0,1.9,.538,.572,0.8,0.9,.841,0.1,1.2,1.3,2.3,0.5,0.1,0.7,1.6,6.2,payneca01
380,Cameron Payne,PG,29,PHI,11,3,20.3,3.9,9.5,.413,1.7,4.7,.365,2.2,4.7,.462,.505,1.2,1.3,.929,0.6,1.1,1.7,3.2,0.5,0.2,0.9,1.6,10.7,payneca01
381,Gary Payton II,SG,31,GSW,27,0,15.7,2.5,4.7,.540,0.5,1.5,.350,2.0,3.2,.628,.595,0.3,0.5,.643,1.2,1.8,3.0,1.0,1.1,0.4,0.6,1.6,5.9,paytoga02
382,Drew Peterson,PF,24,BOS,1,0,3.0,1.0,1.0,1.000,1.0,1.0,1.000,0.0,0.0,,1.500,0.0,0.0,,0.0,0.0,0.0,1.0,0.0,0.0,0.0,1.0,3.0,peterdr01
383,Filip Petrušev,C,23,TOT,3,0,3.3,0.3,0.7,.500,0.0,0.0,,0.3,0.7,.500,.500,0.3,0.7,.500,0.0,0.3,0.3,0.0,0.0,0.0,0.0,0.3,1.0,petrufi01
383,Filip Petrušev,C,23,PHI,1,0,3.0,0.0,0.0,,0.0,0.0,,0.0,0.0,,,0.0,0.0,,0.0,1.0,1.0,0.0,0.0,0.0,0.0,0.0,0.0,petrufi01
383,Filip Petrušev,C,23,SAC,2,0,3.5,0.5,1.0,.500,0.0,0.0,,0.5,1.0,.500,.500,0.5,1.0,.500,0.0,0.0,0.0,0.0,0.0,0.0,0.0,0.5,1.5,petrufi01
384,Julian Phillips,SF,20,CHI,36,0,7.6,0.8,1.8,.431,0.3,0.9,.290,0.5,0.9,.559,.500,0.3,0.4,.625,0.3,0.6,0.9,0.4,0.1,0.2,0.3,1.0,2.1,phillju01
385,Jalen Pickett,SG,24,DEN,20,0,5.4,0.6,1.5,.400,0.4,1.1,.318,0.3,0.4,.625,.517,0.2,0.2,.750,0.1,0.5,0.6,0.7,0.2,0.0,0.4,0.6,1.7,pickeja02
386,Scotty Pippen Jr.,PG,23,MEM,8,4,22.6,3.5,7.4,.475,1.6,2.9,.565,1.9,4.5,.417,.585,1.9,2.6,.714,1.0,2.4,3.4,4.5,1.0,0.5,1.9,2.6,10.5,pippesc02
387,Mason Plumlee,C,33,LAC,28,9,17.0,2.3,3.6,.650,0.0,0.0,,2.3,3.6,.650,.650,1.7,2.6,.667,1.5,4.4,5.9,1.2,0.4,0.4,0.8,1.6,6.4,plumlma01
388,Brandin Podziemski,SG,20,GSW,53,20,26.8,3.8,8.5,.451,1.2,3.4,.367,2.6,5.1,.507,.524,0.7,1.2,.613,1.5,4.3,5.8,3.9,0.8,0.2,1.3,1.8,9.6,podzibr01
389,Jakob Poeltl,C,28,TOR,50,50,26.4,5.0,7.6,.656,0.0,0.0,,5.0,7.6,.656,.656,1.2,2.1,.551,2.9,5.7,8.6,2.5,0.7,1.5,1.5,3.0,11.1,poeltja01
390,Aleksej Pokusevski,PF,22,OKC,10,0,6.0,0.4,1.6,.250,0.2,1.1,.182,0.2,0.5,.400,.313,0.2,0.4,.500,0.2,0.8,1.0,0.5,0.1,0.1,0.3,0.5,1.2,pokusal01
391,Jordan Poole,SG,24,WAS,60,52,29.4,6.0,14.7,.407,2.2,6.8,.318,3.8,7.9,.484,.481,2.6,3.0,.866,0.4,2.2,2.5,3.7,1.1,0.3,2.3,3.3,16.7,poolejo01
392,Craig Porter Jr.,PG,23,CLE,38,5,13.7,2.5,4.9,.508,0.2,0.6,.304,2.3,4.3,.537,.527,0.9,1.3,.714,0.5,1.9,2.4,2.6,0.5,0.3,0.9,0.9,6.1,portecr01
393,Jontay Porter,PF,24,TOR,19,5,12.8,1.5,4.0,.368,0.7,2.2,.317,0.8,1.8,.429,.454,0.6,0.6,.917,0.9,2.2,3.1,1.8,0.6,0.6,0.7,1.6,4.2,portejo01
394,Michael Porter Jr.,SF,25,DEN,61,61,31.9,6.4,13.3,.480,2.8,7.0,.396,3.6,6.3,.574,.584,1.0,1.3,.821,1.3,5.8,7.1,1.5,0.5,0.7,1.1,1.9,16.6,portemi01
395,Otto Porter Jr.,SF,30,TOR,15,1,11.6,0.9,2.2,.424,0.5,1.5,.348,0.4,0.7,.600,.545,0.2,0.2,1.000,0.4,1.5,1.9,0.5,0.3,0.3,0.1,1.3,2.6,porteot01
396,Bobby Portis,PF,28,MIL,63,1,24.0,5.4,10.7,.501,1.2,3.1,.387,4.2,7.6,.548,.557,1.3,1.7,.790,1.6,5.5,7.1,1.2,0.7,0.4,1.0,2.4,13.2,portibo01
397,Kristaps Porziņģis,C,28,BOS,45,45,29.7,6.8,13.0,.525,1.9,5.1,.378,4.9,7.8,.620,.599,4.8,5.6,.861,1.6,5.3,6.9,2.0,0.6,1.8,1.6,2.8,20.4,porzikr01
398,Micah Potter,PF,25,UTA,2,0,3.5,0.0,0.5,.000,0.0,0.5,.000,0.0,0.0,,.000,0.0,0.0,,0.0,2.0,2.0,0.0,0.0,0.0,0.0,0.0,0.0,pottemi01
399,Dwight Powell,C,32,DAL,51,8,14.4,1.3,1.9,.705,0.0,0.0,.500,1.3,1.8,.710,.711,1.2,1.6,.723,1.6,2.0,3.6,1.5,0.5,0.4,0.5,2.0,3.8,poweldw01
400,Norman Powell,SG,30,LAC,60,1,25.8,4.9,9.9,.492,2.2,4.9,.452,2.6,5.0,.530,.604,1.7,2.0,.820,0.2,2.4,2.6,1.1,0.6,0.3,0.9,1.8,13.6,powelno01
401,Jason Preston,PG,24,UTA,1,0,1.0,0.0,0.0,,0.0,0.0,,0.0,0.0,,,0.0,0.0,,1.0,0.0,1.0,0.0,0.0,0.0,1.0,0.0,0.0,prestja01
402,Joshua Primo,SG,21,LAC,2,0,5.0,0.5,1.5,.333,0.0,0.5,.000,0.5,1.0,.500,.333,0.0,0.0,,0.5,0.0,0.5,0.0,0.0,0.5,2.0,0.0,1.0,primojo01
403,Taurean Prince,PF,29,LAL,61,49,28.8,3.3,7.6,.437,1.9,4.9,.391,1.4,2.8,.518,.561,0.6,0.9,.717,0.2,2.7,2.9,1.7,0.8,0.5,0.9,2.1,9.2,princta02
404,Payton Pritchard,PG,26,BOS,61,0,20.4,2.9,6.6,.442,1.7,4.4,.381,1.2,2.2,.563,.569,0.5,0.6,.811,0.9,2.3,3.2,2.7,0.4,0.1,0.7,1.3,8.0,pritcpa01
405,Olivier-Maxence Prosper,PF,21,DAL,33,0,7.9,0.8,2.2,.351,0.2,1.0,.235,0.5,1.2,.450,.405,0.7,1.0,.676,0.5,1.3,1.9,0.6,0.2,0.1,0.2,0.5,2.5,prospol01
406,Trevelin Queen,SG,26,ORL,13,0,12.5,1.1,2.9,.368,0.2,1.3,.176,0.8,1.6,.524,.408,0.7,0.9,.750,0.2,1.2,1.5,1.4,0.5,0.4,0.5,1.2,3.1,queentr01
407,Neemias Queta,C,24,BOS,23,0,12.3,2.1,3.5,.613,0.0,0.0,,2.1,3.5,.613,.613,0.7,0.9,.750,1.9,2.5,4.4,0.5,0.4,0.6,0.4,2.0,4.9,quetane01
408,Immanuel Quickley,SG-PG,24,TOT,57,27,28.2,5.5,12.7,.434,2.5,6.2,.409,3.0,6.5,.457,.533,2.6,3.1,.847,0.2,3.2,3.5,4.2,0.7,0.1,1.2,1.7,16.1,quickim01
408,Immanuel Quickley,SG,24,NYK,30,0,24.0,5.1,11.2,.454,2.1,5.4,.395,2.9,5.8,.509,.549,2.7,3.1,.872,0.2,2.4,2.6,2.5,0.5,0.1,1.0,1.5,15.0,quickim01
408,Immanuel Quickley,PG,24,TOR,27,27,32.9,6.0,14.3,.416,3.0,7.0,.421,3.0,7.3,.411,.519,2.5,3.1,.819,0.3,4.2,4.5,6.1,0.8,0.2,1.5,1.9,17.4,quickim01
409,Lester Quinones,SG,23,GSW,27,0,12.8,1.7,4.3,.400,1.0,2.6,.371,0.7,1.7,.444,.513,0.6,0.9,.680,0.7,1.7,2.4,1.1,0.2,0.1,0.6,1.4,5.0,quinole01
410,Jahmi'us Ramsey,SG,22,TOR,1,0,5.0,1.0,3.0,.333,0.0,1.0,.000,1.0,2.0,.500,.333,0.0,0.0,,1.0,1.0,2.0,1.0,0.0,0.0,0.0,0.0,2.0,ramseja01
411,Julius Randle,PF,29,NYK,46,46,35.4,8.6,18.2,.472,1.7,5.3,.311,6.9,12.9,.539,.518,5.1,6.6,.781,2.2,7.0,9.2,5.0,0.5,0.3,3.5,2.7,24.0,randlju01
412,Duop Reath,C,27,POR,47,15,18.1,3.5,7.4,.477,1.4,3.7,.366,2.1,3.6,.591,.569,1.1,1.5,.704,1.5,2.3,3.9,1.1,0.5,0.6,0.8,2.6,9.4,reathdu01
413,Austin Reaves,SG,25,LAL,64,39,31.5,5.5,11.2,.492,1.8,4.8,.375,3.7,6.4,.580,.573,2.9,3.3,.867,0.7,3.4,4.0,5.5,0.9,0.2,2.1,1.8,15.7,reaveau01
414,Cam Reddish,SF,24,LAL,39,26,22.3,2.2,5.5,.404,0.9,2.5,.343,1.3,2.9,.456,.484,0.9,1.2,.783,0.6,1.8,2.3,1.2,1.2,0.3,0.8,1.5,6.2,reddica01
415,Paul Reed,C,24,PHI,62,23,18.4,3.0,5.5,.547,0.2,0.6,.368,2.8,4.9,.569,.567,0.6,0.8,.740,2.2,3.4,5.6,1.3,0.7,0.9,0.7,2.4,6.9,reedpa01
416,Naz Reid,C,24,MIN,62,0,23.0,4.6,9.5,.482,1.9,4.6,.410,2.7,5.0,.549,.580,1.2,1.6,.750,1.0,3.9,4.8,1.1,0.7,0.8,1.2,2.0,12.3,reidna01
417,Jared Rhoden,SG,24,DET,6,0,7.0,1.0,1.8,.545,0.2,0.7,.250,0.8,1.2,.714,.591,0.3,0.3,1.000,0.2,0.7,0.8,0.7,0.0,0.3,0.5,0.7,2.5,rhodeja01
418,Nick Richards,C,26,CHO,52,39,26.1,3.9,5.6,.691,0.0,0.0,.000,3.9,5.6,.693,.691,2.1,2.9,.730,2.6,5.3,7.9,0.8,0.3,1.3,1.1,2.7,9.9,richani01
419,Josh Richardson,SG,30,MIA,43,6,25.7,3.6,8.1,.444,1.5,4.4,.347,2.0,3.7,.561,.539,1.2,1.3,.944,0.4,2.4,2.8,2.4,0.6,0.3,0.8,1.8,9.9,richajo01
420,Duncan Robinson,SF,29,MIA,56,24,28.2,4.6,10.2,.455,2.8,6.9,.406,1.8,3.3,.560,.593,1.3,1.4,.889,0.2,2.3,2.5,3.0,0.7,0.3,1.4,2.4,13.3,robindu01
421,Jerome Robinson,SG,26,GSW,15,0,4.0,0.4,1.5,.273,0.1,0.9,.154,0.3,0.6,.444,.318,0.4,0.7,.600,0.1,0.1,0.2,0.3,0.0,0.2,0.1,0.2,1.3,robinje01
422,Mitchell Robinson,C,25,NYK,21,21,29.2,2.8,4.7,.592,0.0,0.0,,2.8,4.7,.592,.592,0.7,1.8,.368,5.3,5.0,10.3,0.7,1.5,1.3,1.0,1.9,6.2,robinmi01
423,Orlando Robinson,C,23,MIA,27,7,10.1,1.2,2.5,.493,0.3,0.5,.500,1.0,2.0,.491,.545,0.7,0.9,.750,0.9,2.0,2.9,1.1,0.3,0.3,0.6,1.3,3.4,robinor01
424,Jeremiah Robinson-Earl,PF,23,NOP,27,1,9.7,1.3,2.6,.500,0.4,1.1,.414,0.9,1.5,.561,.586,0.4,0.6,.800,0.6,1.6,2.2,0.4,0.3,0.1,0.4,0.7,3.5,robinje02
425,David Roddy,PF,22,TOT,54,13,21.1,2.9,7.2,.404,0.9,2.9,.302,2.0,4.3,.474,.465,0.9,1.3,.691,0.9,2.8,3.7,1.4,0.5,0.2,1.0,1.3,7.6,roddyda01
425,David Roddy,PF,22,MEM,48,13,23.2,3.2,8.0,.402,1.0,3.3,.301,2.3,4.8,.470,.462,1.0,1.4,.687,1.1,3.1,4.2,1.6,0.5,0.2,1.1,1.4,8.4,roddyda01
425,David Roddy,PF,22,PHO,6,0,4.2,0.5,0.8,.600,0.2,0.5,.333,0.3,0.3,1.000,.700,0.2,0.2,1.000,0.0,0.3,0.3,0.0,0.0,0.0,0.2,0.2,1.3,roddyda01
426,Ryan Rollins,PG,21,WAS,10,0,6.6,1.3,2.5,.520,0.2,0.3,.667,1.1,2.2,.500,.560,1.3,1.7,.765,0.2,0.9,1.1,1.1,0.8,0.3,0.7,0.7,4.1,rolliry01
427,Derrick Rose,PG,35,MEM,24,7,16.6,3.2,6.9,.461,0.6,1.7,.366,2.5,5.2,.492,.506,1.0,1.1,.889,0.3,1.6,1.9,3.3,0.3,0.1,1.3,0.9,8.0,rosede01
428,Terry Rozier,SG-PG,29,TOT,44,43,33.9,7.3,16.6,.441,2.3,6.8,.337,5.0,9.8,.514,.510,3.3,3.8,.867,0.6,3.3,4.0,6.3,1.0,0.4,2.0,1.7,20.3,roziete01
428,Terry Rozier,SG,29,CHO,30,30,35.5,8.4,18.3,.459,2.8,7.7,.358,5.6,10.6,.533,.535,3.6,4.3,.845,0.6,3.3,3.9,6.6,1.1,0.4,2.2,1.7,23.2,roziete01
428,Terry Rozier,PG,29,MIA,14,13,30.5,5.1,13.1,.388,1.3,4.9,.265,3.8,8.2,.461,.437,2.5,2.6,.946,0.8,3.4,4.1,5.6,0.8,0.3,1.5,1.7,13.9,roziete01
429,Rayan Rupert,SG,19,POR,20,0,8.7,1.1,3.0,.373,0.6,1.3,.462,0.5,1.7,.303,.475,0.4,0.5,.700,0.5,1.1,1.6,0.8,0.2,0.0,0.4,0.8,3.2,ruperra01
430,D'Angelo Russell,PG,27,LAL,59,52,31.8,6.5,13.9,.465,2.7,6.6,.414,3.7,7.3,.512,.564,2.0,2.5,.804,0.4,2.6,2.9,6.2,0.9,0.5,2.0,2.1,17.7,russeda01
431,Matt Ryan,SF,26,NOP,19,1,18.4,2.5,5.5,.452,2.1,4.5,.471,0.4,1.0,.368,.644,0.7,0.7,.929,0.3,1.7,2.1,0.8,0.3,0.1,0.9,1.5,7.7,ryanma01
432,Domantas Sabonis,C,27,SAC,61,61,35.7,8.0,13.2,.607,0.5,1.1,.412,7.6,12.1,.625,.624,3.3,4.8,.693,3.5,10.0,13.5,8.4,0.9,0.5,3.2,3.1,19.8,sabondo01
433,Luka Šamanić,PF,24,UTA,31,2,6.7,1.0,2.7,.365,0.3,1.2,.250,0.7,1.6,.449,.418,0.6,0.7,.818,0.3,1.4,1.7,0.2,0.1,0.2,0.5,0.6,2.9,samanlu01
434,Jermaine Samuels,SF,25,HOU,11,0,4.8,0.7,1.0,.727,0.0,0.2,.000,0.7,0.8,.889,.727,0.2,0.2,1.000,0.2,0.8,1.0,0.2,0.1,0.1,0.0,0.4,1.6,samueje01
435,Adama Sanogo,PF,21,CHI,3,0,3.7,1.0,1.0,1.000,0.0,0.0,,1.0,1.0,1.000,1.000,0.7,1.0,.667,0.7,1.3,2.0,0.0,0.0,0.0,0.3,0.0,2.7,sanogad01
436,Gui Santos,PF,21,GSW,16,0,8.9,1.2,2.4,.487,0.4,1.1,.389,0.8,1.3,.571,.577,0.9,0.9,.933,0.9,1.8,2.7,0.6,0.2,0.1,0.4,1.0,3.7,santogu01
437,Dario Šarić,C,29,GSW,59,9,18.0,3.0,6.4,.466,1.2,3.3,.378,1.7,3.1,.557,.562,1.3,1.5,.854,1.2,3.5,4.7,2.4,0.5,0.2,1.2,1.8,8.5,saricda01
438,Olivier Sarr,C,24,OKC,14,0,6.8,0.8,1.4,.579,0.1,0.4,.333,0.6,0.9,.692,.632,0.7,1.1,.667,0.7,1.8,2.5,0.1,0.0,0.5,0.2,1.3,2.4,sarrol01
439,Marcus Sasser,PG,23,DET,52,0,16.4,2.8,6.2,.455,1.1,2.8,.401,1.7,3.3,.500,.547,0.7,0.8,.854,0.1,1.4,1.6,3.0,0.6,0.2,1.0,1.4,7.4,sassema01
440,Admiral Schofield,PF,26,ORL,15,0,3.5,0.4,1.1,.375,0.2,0.7,.300,0.2,0.4,.500,.469,0.0,0.1,.000,0.1,0.5,0.6,0.3,0.0,0.0,0.3,0.5,1.0,schofad01
441,Dennis Schröder,PG,30,TOT,62,40,30.2,4.9,11.1,.439,1.6,4.4,.374,3.2,6.7,.481,.512,2.2,2.7,.818,0.4,2.3,2.8,6.0,0.8,0.2,1.7,2.1,13.6,schrode01
441,Dennis Schröder,PG,30,TOR,51,33,30.6,4.8,11.0,.442,1.5,4.3,.350,3.3,6.6,.501,.511,2.5,2.9,.852,0.4,2.3,2.7,6.1,0.9,0.2,1.6,2.1,13.7,schrode01
441,Dennis Schröder,PG,30,BRK,11,7,28.4,4.9,11.5,.425,2.2,4.5,.480,2.7,7.0,.390,.520,1.1,1.9,.571,0.4,2.5,2.8,5.4,0.4,0.3,2.3,2.2,13.1,schrode01
442,Dereon Seabron,SG,23,NOP,6,0,9.2,0.7,2.2,.308,0.2,0.3,.500,0.5,1.8,.273,.346,0.8,1.0,.833,0.2,1.0,1.2,0.8,0.3,0.2,0.0,0.7,2.3,seabrde01
443,Alperen Sengun,C,21,HOU,61,61,32.5,8.4,15.6,.538,0.5,1.8,.297,7.9,13.8,.570,.556,3.9,5.6,.699,2.9,6.5,9.4,5.0,1.2,0.7,2.6,3.4,21.3,sengual01
444,Brice Sensabaugh,SF,20,UTA,13,1,10.7,1.5,3.6,.426,0.8,2.0,.385,0.8,1.6,.476,.532,0.5,0.5,1.000,0.3,1.5,1.8,0.5,0.1,0.0,0.8,1.1,4.3,sensabr01
445,Collin Sexton,SG,25,UTA,63,40,25.2,6.1,12.6,.486,1.7,4.2,.405,4.4,8.5,.525,.552,4.3,4.9,.862,0.8,1.7,2.5,4.7,0.8,0.2,2.0,2.0,18.2,sextoco01
446,Landry Shamet,SG,26,WAS,45,5,16.0,2.6,6.1,.431,1.2,3.5,.338,1.4,2.6,.556,.527,0.8,1.0,.826,0.4,1.0,1.4,1.2,0.6,0.2,0.7,1.7,7.3,shamela01
447,Day'Ron Sharpe,C,22,BRK,46,1,15.6,2.9,5.0,.583,0.1,0.3,.333,2.8,4.7,.596,.591,1.4,2.3,.613,2.7,4.0,6.7,1.4,0.5,0.8,1.1,2.2,7.3,sharpda01
448,Shaedon Sharpe,SG,20,POR,32,25,33.1,5.5,13.6,.406,1.9,5.6,.333,3.6,7.9,.457,.475,3.1,3.7,.824,1.3,3.7,5.0,2.9,0.9,0.4,2.3,2.8,15.9,sharpsh01
449,Ben Sheppard,SG,22,IND,38,0,11.8,1.4,3.4,.419,0.8,2.3,.360,0.6,1.1,.550,.543,0.4,0.4,.824,0.2,1.2,1.4,0.8,0.6,0.1,0.2,1.4,4.1,sheppbe01
450,Pascal Siakam,PF,29,TOT,61,61,34.0,8.4,15.7,.534,1.2,3.5,.340,7.2,12.2,.589,.571,3.6,4.9,.737,1.6,5.0,6.6,4.7,0.8,0.3,1.9,2.4,21.6,siakapa01
450,Pascal Siakam,PF,29,TOR,39,39,34.7,8.3,16.0,.522,1.2,3.7,.317,7.2,12.3,.584,.559,4.3,5.7,.758,1.4,4.9,6.3,4.9,0.8,0.3,2.1,2.2,22.2,siakapa01
450,Pascal Siakam,PF,29,IND,22,22,32.7,8.5,15.3,.557,1.2,3.0,.388,7.3,12.2,.599,.595,2.3,3.4,.676,2.0,5.2,7.1,4.4,0.8,0.4,1.5,2.7,20.5,siakapa01
451,Ben Simmons,PG,27,BRK,15,12,23.9,2.9,4.9,.581,0.0,0.0,,2.9,4.9,.581,.581,0.4,1.0,.400,2.1,5.9,7.9,5.7,0.8,0.6,1.8,2.4,6.1,simmobe01
452,Anfernee Simons,SG,24,POR,38,38,34.3,8.0,18.6,.430,3.4,8.8,.383,4.6,9.8,.472,.521,3.5,3.8,.918,0.5,3.2,3.6,5.5,0.4,0.1,2.7,2.2,22.8,simonan01
453,Jericho Sims,C,25,NYK,35,10,13.1,1.0,1.3,.745,0.0,0.0,,1.0,1.3,.745,.745,0.4,0.6,.650,1.3,2.0,3.3,0.6,0.1,0.4,0.3,0.9,2.4,simsje01
454,Dmytro Skapintsev,C,25,NYK,2,0,1.0,0.0,0.5,.000,0.0,0.0,,0.0,0.5,.000,.000,0.0,0.0,,0.0,0.0,0.0,0.0,0.0,0.0,0.0,0.0,0.0,skapidm01
455,Jalen Slawson,SF,24,SAC,5,0,3.8,0.4,0.6,.667,0.0,0.2,.000,0.4,0.4,1.000,.667,0.0,0.0,,0.0,0.8,0.8,0.4,0.0,0.2,0.4,0.6,0.8,slawsja01
456,Javonte Smart,PG,24,PHI,1,0,1.0,0.0,0.0,,0.0,0.0,,0.0,0.0,,,0.0,0.0,,0.0,0.0,0.0,0.0,0.0,0.0,0.0,0.0,0.0,smartja01
457,Marcus Smart,PG,29,MEM,20,20,30.3,5.1,11.9,.430,2.1,6.7,.313,3.0,5.2,.583,.519,2.2,2.8,.768,0.3,2.4,2.7,4.3,2.1,0.3,3.1,2.7,14.5,smartma01
458,Dennis Smith Jr.,PG,26,BRK,46,1,19.7,2.7,6.4,.429,0.5,1.9,.273,2.2,4.5,.495,.469,0.8,1.1,.720,1.0,2.2,3.2,3.9,1.2,0.3,1.2,2.2,6.8,smithde03
459,Dru Smith,SG,26,MIA,9,0,14.6,1.7,3.7,.455,0.8,1.9,.412,0.9,1.8,.500,.561,0.2,0.2,1.000,0.7,0.9,1.6,1.6,1.0,0.3,0.6,1.3,4.3,smithdr01
460,Ish Smith,PG,35,CHO,43,5,17.2,1.5,3.7,.418,0.1,0.2,.500,1.4,3.5,.413,.430,0.1,0.1,.750,0.3,1.5,1.8,3.4,0.4,0.1,1.1,1.1,3.2,smithis01
461,Jabari Smith Jr.,PF,20,HOU,57,57,32.0,4.9,10.8,.450,1.7,4.8,.357,3.2,6.0,.523,.528,1.9,2.4,.807,2.0,6.5,8.5,1.5,0.7,0.8,1.2,2.7,13.3,smithja05
462,Jalen Smith,C,23,IND,44,13,17.7,4.0,6.6,.612,1.1,2.4,.443,3.0,4.2,.708,.692,1.1,1.6,.694,1.7,3.9,5.6,1.0,0.3,0.6,0.8,2.1,10.3,smithja04
463,Nick Smith Jr.,SG,19,CHO,37,0,15.5,2.4,5.9,.406,1.4,3.1,.451,1.0,2.8,.356,.523,0.3,0.4,.846,0.4,1.0,1.5,1.2,0.2,0.2,0.9,1.2,6.4,smithni01
464,Terquavion Smith,PG,21,PHI,12,0,5.8,1.3,3.3,.400,1.0,2.6,.387,0.3,0.8,.444,.550,0.2,0.3,.667,0.0,0.2,0.2,0.8,0.6,0.0,0.3,0.3,3.8,smithte01
465,Jeremy Sochan,PF,20,SAS,62,61,29.5,4.5,10.2,.442,0.9,2.8,.330,3.6,7.3,.486,.488,1.5,1.9,.776,1.8,4.3,6.2,3.4,0.8,0.4,1.9,2.3,11.4,sochaje01
466,Pat Spencer,PG,27,GSW,1,0,2.0,0.0,0.0,,0.0,0.0,,0.0,0.0,,,0.0,0.0,,0.0,0.0,0.0,0.0,0.0,0.0,0.0,0.0,0.0,spencpa01
467,Jaden Springer,SG-PG,21,TOT,37,1,10.7,1.3,3.4,.381,0.2,1.1,.205,1.1,2.4,.460,.413,0.8,0.9,.824,0.8,0.9,1.7,1.0,0.7,0.3,0.7,1.4,3.6,sprinja01
467,Jaden Springer,SG,21,PHI,32,1,11.8,1.4,3.7,.390,0.3,1.2,.216,1.2,2.5,.469,.424,0.9,1.1,.824,0.8,1.0,1.8,1.1,0.8,0.3,0.8,1.5,4.0,sprinja01
467,Jaden Springer,PG,21,BOS,5,0,3.8,0.4,1.6,.250,0.0,0.4,.000,0.4,1.2,.333,.250,0.0,0.0,,0.6,0.2,0.8,0.2,0.0,0.0,0.2,0.4,0.8,sprinja01
468,Lamar Stevens,PF,26,TOT,29,2,11.2,2.4,4.7,.507,0.3,0.7,.421,2.1,4.0,.521,.537,0.7,1.0,.690,0.8,2.0,2.8,0.6,0.4,0.5,0.7,1.1,5.7,stevela01
468,Lamar Stevens,PF,26,BOS,19,1,6.4,1.1,2.4,.467,0.2,0.4,.375,0.9,1.9,.486,.500,0.4,0.6,.727,0.6,1.0,1.6,0.4,0.3,0.3,0.5,0.7,2.8,stevela01
468,Lamar Stevens,PF,26,MEM,10,1,20.2,4.8,9.1,.527,0.5,1.1,.455,4.3,8.0,.538,.555,1.2,1.8,.667,1.2,3.9,5.1,0.8,0.5,0.9,1.1,1.8,11.3,stevela01
469,Isaiah Stewart,PF,22,DET,39,38,30.8,4.1,8.7,.475,1.5,3.9,.377,2.7,4.8,.553,.559,1.5,2.0,.740,1.7,5.1,6.8,1.7,0.4,0.8,1.5,2.4,11.2,stewais01
470,Julian Strawther,SF,21,DEN,39,0,12.7,1.9,5.1,.375,1.0,3.2,.304,0.9,1.9,.493,.470,0.5,0.6,.720,0.1,1.2,1.3,1.1,0.4,0.2,0.4,1.2,5.3,strawju01
471,Max Strus,SF,27,CLE,60,60,32.2,4.4,10.6,.412,2.4,7.1,.340,2.0,3.6,.553,.525,1.0,1.3,.785,0.9,3.9,4.7,3.8,0.9,0.5,1.5,2.6,12.2,strusma01
472,Jalen Suggs,SG,22,ORL,58,58,26.6,4.4,9.6,.460,2.1,5.2,.393,2.3,4.3,.542,.568,1.4,1.8,.757,0.7,2.6,3.3,2.6,1.4,0.6,1.9,2.8,12.2,suggsja01
473,Cole Swider,SF,24,MIA,11,0,5.0,0.8,2.3,.360,0.5,1.7,.263,0.4,0.5,.667,.460,0.2,0.2,1.000,0.1,0.3,0.4,0.4,0.1,0.1,0.5,0.2,2.3,swideco01
474,Jae'Sean Tate,SF,28,HOU,54,9,16.9,1.7,3.7,.470,0.4,1.3,.304,1.3,2.4,.558,.523,0.4,0.6,.688,1.0,2.3,3.2,1.1,0.7,0.2,0.5,2.3,4.2,tateja01
475,Jayson Tatum,PF,25,BOS,58,58,35.7,9.2,19.3,.476,3.1,8.4,.372,6.1,10.9,.556,.557,5.6,6.7,.829,0.8,7.7,8.5,4.8,1.0,0.6,2.5,2.0,27.1,tatumja01
476,Terry Taylor,PF,24,CHI,23,0,7.0,0.7,1.5,.500,0.1,0.4,.222,0.7,1.1,.600,.529,0.1,0.1,.667,0.7,0.8,1.4,0.3,0.2,0.1,0.3,0.7,1.7,taylote01
477,Garrett Temple,SG,37,TOR,16,0,4.3,0.5,1.3,.381,0.1,0.6,.222,0.4,0.8,.500,.429,0.3,0.4,.833,0.3,0.4,0.7,0.4,0.2,0.0,0.3,0.4,1.4,templga01
478,Dalen Terry,SG,21,CHI,40,1,10.1,0.8,2.1,.393,0.3,1.2,.239,0.6,1.0,.579,.458,0.5,0.7,.692,0.4,1.3,1.7,1.3,0.4,0.2,0.5,1.3,2.4,terryda01
479,Daniel Theis,C,31,TOT,46,3,17.2,2.6,4.9,.535,0.4,1.1,.373,2.2,3.8,.583,.577,0.7,0.9,.721,1.4,2.5,4.0,1.0,0.4,0.8,0.7,2.3,6.3,theisda01
479,Daniel Theis,C,31,IND,1,0,8.0,1.0,4.0,.250,0.0,1.0,.000,1.0,3.0,.333,.250,0.0,0.0,,0.0,0.0,0.0,0.0,0.0,0.0,0.0,1.0,2.0,theisda01
479,Daniel Theis,C,31,LAC,45,3,17.4,2.7,4.9,.541,0.4,1.1,.380,2.2,3.8,.587,.583,0.7,1.0,.721,1.5,2.6,4.0,1.0,0.4,0.8,0.7,2.3,6.4,theisda01
480,Cam Thomas,SG,22,BRK,48,33,29.8,7.5,17.3,.437,2.0,5.6,.360,5.5,11.7,.474,.495,3.8,4.5,.839,0.4,2.5,2.9,2.7,0.8,0.3,1.8,2.1,20.9,thomaca02
481,Amen Thompson,SF,21,HOU,43,6,19.5,3.0,6.2,.494,0.2,1.1,.143,2.9,5.0,.574,.508,1.3,2.1,.637,1.8,3.8,5.6,2.3,1.2,0.6,1.4,2.3,7.6,thompam01
482,Ausar Thompson,SF,21,DET,61,36,25.0,3.7,7.6,.488,0.3,1.7,.183,3.4,5.9,.577,.509,1.1,1.9,.600,2.0,4.4,6.4,1.9,1.1,1.0,1.3,2.8,8.8,thompau01
483,Klay Thompson,SF,33,GSW,58,51,29.8,6.0,14.2,.421,3.3,8.6,.378,2.7,5.5,.489,.537,1.6,1.8,.922,0.5,3.0,3.5,2.2,0.6,0.5,1.5,1.8,16.8,thompkl01
484,Tristan Thompson,C,32,CLE,36,0,12.4,1.7,2.6,.649,0.0,0.0,.000,1.7,2.6,.656,.649,0.4,1.2,.310,1.6,2.3,3.9,1.1,0.2,0.3,0.6,1.4,3.8,thomptr01
485,JT Thor,PF,21,CHO,47,1,12.7,1.1,3.0,.364,0.4,1.3,.306,0.7,1.7,.407,.430,0.1,0.3,.538,0.8,1.6,2.4,0.4,0.2,0.4,0.3,1.0,2.8,thorjt01
486,Matisse Thybulle,SF,26,POR,58,19,23.3,1.9,4.9,.393,1.2,3.6,.341,0.7,1.3,.541,.519,0.4,0.5,.815,0.4,1.6,2.0,1.3,1.8,0.7,0.6,1.5,5.5,thybuma01
487,Xavier Tillman Sr.,C-PF,25,TOT,37,13,19.9,2.5,6.0,.421,0.4,1.5,.236,2.2,4.5,.482,.450,0.5,1.2,.444,1.5,2.9,4.4,1.6,1.2,1.0,0.8,1.7,5.9,tillmxa01
487,Xavier Tillman Sr.,C,25,MEM,34,13,20.6,2.6,6.3,.408,0.4,1.6,.226,2.2,4.7,.469,.437,0.5,1.3,.419,1.6,3.0,4.6,1.7,1.2,1.0,0.9,1.8,6.0,tillmxa01
487,Xavier Tillman Sr.,PF,25,BOS,3,0,12.0,2.0,2.7,.750,0.3,0.7,.500,1.7,2.0,.833,.813,0.7,0.7,1.000,0.0,1.7,1.7,0.7,0.3,0.7,0.0,1.0,5.0,tillmxa01
488,Jacob Toppin,SF,23,NYK,8,0,4.6,0.6,1.1,.556,0.1,0.5,.250,0.5,0.6,.800,.611,0.3,0.3,1.000,0.4,0.5,0.9,0.4,0.0,0.1,0.1,0.4,1.6,toppija01
489,Obi Toppin,PF,25,IND,63,28,22.0,4.1,7.2,.564,1.3,3.2,.402,2.8,4.1,.689,.651,1.0,1.3,.753,1.0,2.8,3.8,1.5,0.5,0.5,0.9,1.8,10.4,toppiob01
490,Juan Toscano-Anderson,SF,30,SAC,11,0,4.8,0.3,1.1,.250,0.1,0.4,.250,0.2,0.7,.250,.292,0.0,0.0,,0.4,0.9,1.3,0.4,0.1,0.1,0.2,1.0,0.6,toscaju01
491,Karl-Anthony Towns,PF,28,MIN,60,60,32.8,7.9,15.5,.506,2.2,5.3,.423,5.6,10.3,.550,.578,4.2,4.8,.874,1.5,6.9,8.4,3.0,0.7,0.7,2.8,3.3,22.1,townska01
492,Gary Trent Jr.,SG,25,TOR,57,27,26.9,4.4,10.4,.418,2.4,5.9,.408,2.0,4.5,.432,.534,0.7,1.0,.702,0.3,2.1,2.4,1.5,1.0,0.2,0.6,1.2,11.8,trentga02
493,Oscar Tshiebwe,PF,24,IND,8,0,5.3,1.3,2.5,.500,0.0,0.0,,1.3,2.5,.500,.500,0.8,1.0,.750,1.0,1.0,2.0,0.3,0.3,0.1,0.0,0.4,3.3,tshieos01
494,P.J. Tucker,PF,38,TOT,18,3,14.9,0.3,1.1,.300,0.3,0.9,.313,0.1,0.2,.250,.425,0.2,0.2,1.000,0.9,1.7,2.7,0.4,0.5,0.2,0.3,2.1,1.1,tuckepj01
494,P.J. Tucker,PF,38,PHI,3,3,22.0,0.7,1.7,.400,0.7,1.7,.400,0.0,0.0,,.600,0.0,0.0,,0.3,4.3,4.7,0.0,1.0,0.7,0.7,3.0,2.0,tuckepj01
494,P.J. Tucker,PF,38,LAC,15,0,13.5,0.3,1.0,.267,0.2,0.7,.273,0.1,0.3,.250,.367,0.2,0.2,1.000,1.1,1.2,2.3,0.5,0.4,0.1,0.2,1.9,0.9,tuckepj01
495,Myles Turner,C,27,IND,59,59,27.3,6.2,11.9,.523,1.4,4.1,.332,4.9,7.8,.622,.580,3.4,4.3,.789,1.6,5.5,7.1,1.3,0.6,1.7,1.5,3.1,17.3,turnemy01
496,Hunter Tyson,PF,23,DEN,10,0,3.0,0.2,1.0,.200,0.1,0.8,.125,0.1,0.2,.500,.250,0.0,0.0,,0.1,0.7,0.8,0.1,0.0,0.0,0.2,0.6,0.5,tysonhu01
497,Stanley Umude,SG,24,DET,17,0,11.2,1.5,3.1,.481,1.0,1.8,.548,0.5,1.2,.381,.644,1.3,1.4,.917,0.2,1.6,1.8,0.5,0.2,0.3,0.6,1.6,5.2,umudest01
498,Jonas Valančiūnas,C,31,NOP,62,62,25.1,5.4,9.4,.568,0.6,1.5,.365,4.8,7.9,.609,.598,2.2,2.7,.798,2.6,6.9,9.5,2.2,0.4,1.0,1.4,2.8,13.4,valanjo01
499,Jarred Vanderbilt,PF,24,LAL,29,6,20.0,2.0,3.9,.518,0.3,0.9,.296,1.8,3.0,.586,.553,0.8,1.2,.667,1.4,3.3,4.8,1.2,1.2,0.2,1.0,1.5,5.2,vandeja01
500,Fred VanVleet,PG,29,HOU,55,55,36.8,5.5,13.5,.409,3.0,7.9,.379,2.5,5.6,.451,.520,2.5,2.9,.852,0.4,3.3,3.8,8.0,1.2,0.9,1.7,2.3,16.6,vanvlfr01
501,Devin Vassell,SG,23,SAS,57,51,32.2,7.2,15.4,.469,2.5,6.6,.372,4.7,8.7,.542,.549,2.4,3.1,.790,0.5,3.4,3.9,3.9,1.0,0.4,1.5,1.0,19.3,vassede01
502,Sasha Vezenkov,PF,28,SAC,35,0,12.6,2.1,4.7,.448,1.1,2.9,.380,1.0,1.9,.554,.564,0.3,0.4,.769,0.9,1.6,2.5,0.4,0.5,0.2,0.3,1.0,5.6,vezenal01
503,Gabe Vincent,PG,27,LAL,5,0,25.4,2.4,6.4,.375,0.4,3.4,.118,2.0,3.0,.667,.406,0.2,0.4,.500,0.4,0.6,1.0,3.0,1.2,0.0,0.4,2.4,5.4,vincega01
504,Nikola Vučević,C,33,CHI,57,55,34.5,7.7,16.2,.474,1.2,4.2,.276,6.5,12.0,.543,.510,1.3,1.6,.835,2.9,7.9,10.7,3.3,0.7,0.8,1.6,2.6,17.8,vucevni01
505,Dean Wade,PF,27,CLE,53,31,20.3,1.8,4.3,.417,1.5,3.8,.395,0.3,0.6,.567,.589,0.4,0.5,.769,0.7,3.4,4.0,0.8,0.8,0.5,0.4,1.7,5.5,wadede01
506,Franz Wagner,SF,22,ORL,55,55,33.1,7.6,15.7,.482,1.5,5.0,.304,6.1,10.8,.564,.530,3.7,4.4,.847,1.0,4.5,5.5,4.0,1.0,0.4,2.1,2.3,20.4,wagnefr01
507,Moritz Wagner,C,26,ORL,61,1,18.5,4.3,7.2,.597,0.5,1.5,.326,3.8,5.7,.666,.630,2.3,2.8,.807,1.6,3.0,4.6,1.2,0.5,0.3,1.2,2.1,11.3,wagnemo01
508,Ish Wainright,SF,29,POR,7,0,6.6,0.9,2.6,.333,0.9,2.3,.375,0.0,0.3,.000,.500,0.3,0.3,1.000,0.0,1.3,1.3,0.0,0.3,0.1,0.1,0.6,2.9,wainris01
509,Jabari Walker,SF,21,POR,57,15,22.1,3.1,6.7,.469,0.5,1.9,.264,2.6,4.8,.547,.505,1.7,2.2,.768,2.0,4.4,6.5,0.9,0.6,0.4,0.9,2.3,8.5,walkeja01
510,Jarace Walker,PF,20,IND,21,0,9.9,1.4,3.6,.395,0.7,1.8,.378,0.8,1.9,.410,.487,0.3,0.3,.857,0.4,1.4,1.8,1.3,0.6,0.4,0.6,0.9,3.8,walkeja02
511,Lonnie Walker IV,SG,25,BRK,42,0,18.1,4.0,9.0,.449,2.1,4.9,.430,1.9,4.1,.471,.566,0.9,1.2,.765,0.2,1.9,2.1,1.4,0.7,0.3,1.0,1.4,11.1,walkelo01
512,Cason Wallace,SG,20,OKC,62,9,20.4,2.6,5.1,.502,1.1,2.8,.410,1.4,2.3,.611,.614,0.4,0.5,.793,0.6,1.6,2.3,1.3,0.8,0.4,0.5,1.6,6.6,wallaca01
513,Jordan Walsh,SF,19,BOS,4,0,8.3,0.3,1.3,.200,0.0,0.8,.000,0.3,0.5,.500,.200,0.0,0.0,,0.5,2.3,2.8,0.5,0.5,0.3,0.5,1.3,0.5,walshjo01
514,P.J. Washington,PF,25,TOT,54,26,29.8,5.1,11.4,.446,1.8,5.6,.321,3.3,5.8,.567,.525,1.5,2.1,.712,1.2,4.1,5.3,2.1,0.9,0.7,1.5,2.5,13.4,washipj01
514,P.J. Washington,PF,25,CHO,44,17,29.2,5.2,11.6,.446,1.8,5.5,.324,3.4,6.0,.558,.524,1.5,2.1,.713,1.2,4.1,5.3,2.2,0.9,0.7,1.5,2.5,13.6,washipj01
514,P.J. Washington,PF,25,DAL,10,9,32.4,4.7,10.5,.448,1.8,5.8,.310,2.9,4.7,.617,.533,1.2,1.7,.706,1.1,4.3,5.4,1.5,0.9,0.8,1.4,2.1,12.4,washipj01
515,TyTy Washington Jr.,PG,22,MIL,5,0,4.2,0.2,1.4,.143,0.2,0.6,.333,0.0,0.8,.000,.214,0.0,0.0,,0.0,0.2,0.2,0.2,0.4,0.0,0.4,0.0,0.6,washity02
516,Yuta Watanabe,SF,29,TOT,34,0,13.6,1.2,3.4,.353,0.7,2.5,.294,0.5,0.9,.516,.461,0.3,0.5,.588,0.3,1.3,1.6,0.4,0.4,0.2,0.6,1.1,3.4,watanyu01
516,Yuta Watanabe,SF,29,PHO,29,0,13.2,1.2,3.3,.361,0.8,2.6,.320,0.4,0.8,.500,.485,0.3,0.5,.667,0.4,1.2,1.6,0.3,0.3,0.2,0.6,1.2,3.6,watanyu01
516,Yuta Watanabe,SF,29,MEM,5,0,16.4,1.2,3.8,.316,0.2,2.0,.100,1.0,1.8,.556,.342,0.0,0.4,.000,0.0,1.8,1.8,1.0,0.6,0.0,0.6,1.0,2.6,watanyu01
517,Lindy Waters III,SG,26,OKC,26,0,6.8,0.9,2.1,.436,0.8,2.0,.431,0.1,0.2,.500,.636,0.0,0.0,,0.1,0.9,1.0,0.6,0.1,0.2,0.2,0.7,2.7,waterli01
518,Trendon Watford,PF,23,BRK,44,0,11.6,2.3,4.3,.529,0.3,0.9,.350,1.9,3.3,.578,.567,1.0,1.1,.894,0.8,1.8,2.6,1.3,0.3,0.3,0.7,1.6,5.8,watfotr01
519,Peyton Watson,SF,21,DEN,60,4,18.2,2.6,5.5,.465,0.7,2.1,.323,1.9,3.5,.551,.526,0.9,1.4,.679,0.7,2.2,2.9,1.0,0.6,1.0,0.8,1.7,6.7,watsope01
520,Victor Wembanyama,C,20,SAS,56,56,28.8,7.6,16.1,.469,1.7,5.0,.335,5.9,11.1,.531,.522,3.9,4.8,.815,2.2,8.1,10.3,3.4,1.3,3.4,3.5,2.2,20.7,wembavi01
521,Blake Wesley,SG,20,SAS,41,1,13.1,1.5,3.1,.496,0.1,0.8,.129,1.4,2.3,.615,.512,0.7,1.2,.625,0.3,0.9,1.2,2.6,0.5,0.1,0.8,1.5,3.9,weslebl01
522,Russell Westbrook,PG,35,LAC,58,10,22.6,4.4,9.8,.452,0.6,2.4,.268,3.8,7.4,.510,.484,1.6,2.3,.677,1.4,3.7,5.1,4.4,1.1,0.4,2.0,1.8,11.1,westbru01
523,Coby White,PG,23,CHI,62,62,36.8,7.0,15.3,.457,2.9,7.4,.393,4.1,7.9,.516,.551,2.8,3.4,.834,0.5,4.2,4.8,5.3,0.7,0.2,2.2,2.3,19.7,whiteco01
524,Derrick White,SG,29,BOS,57,57,32.1,5.3,11.3,.469,2.6,6.5,.405,2.7,4.8,.557,.586,2.0,2.2,.898,0.6,3.3,4.0,4.9,1.0,1.2,1.6,2.0,15.3,whitede01
525,Cam Whitmore,SF,19,HOU,36,1,17.6,4.5,9.6,.468,1.6,4.4,.365,2.9,5.2,.556,.552,1.5,2.3,.671,0.8,2.9,3.8,0.5,0.6,0.3,1.0,1.3,12.1,whitmca01
526,Aaron Wiggins,SG,25,OKC,59,0,14.5,2.4,4.2,.570,0.8,1.6,.500,1.6,2.7,.611,.663,0.6,0.8,.783,0.7,1.6,2.3,0.9,0.6,0.2,0.6,1.2,6.2,wiggiaa01
527,Andrew Wiggins,SF,28,GSW,52,41,27.0,4.8,10.6,.453,1.2,3.3,.353,3.7,7.3,.497,.507,1.8,2.5,.727,1.5,2.7,4.2,1.7,0.6,0.5,1.2,2.2,12.6,wiggian01
528,Lindell Wigginton,PG,25,MIL,3,0,2.7,0.7,1.7,.400,0.0,0.7,.000,0.7,1.0,.667,.400,0.7,0.7,1.000,0.0,0.0,0.0,0.0,0.0,0.0,0.3,0.3,2.0,wiggili01
529,Alondes Williams,SG,24,MIA,2,0,4.5,0.0,1.5,.000,0.0,1.0,.000,0.0,0.5,.000,.000,0.0,0.0,,0.0,0.5,0.5,0.0,0.0,0.0,0.5,0.0,0.0,willial06
530,Brandon Williams,PG,24,DAL,12,0,4.9,0.7,1.8,.364,0.2,0.5,.333,0.5,1.3,.375,.409,0.5,0.9,.545,0.3,0.3,0.6,1.0,0.1,0.1,0.3,0.2,2.0,willibr03
531,Grant Williams,PF,25,TOT,58,34,27.0,3.1,7.2,.434,1.7,4.5,.373,1.5,2.7,.535,.550,1.2,1.6,.774,1.1,2.9,3.9,1.8,0.5,0.6,1.3,2.9,9.2,willigr01
531,Grant Williams,PF,25,DAL,47,33,26.4,2.8,6.7,.413,1.7,4.5,.376,1.1,2.3,.486,.538,0.9,1.2,.745,1.0,2.6,3.6,1.7,0.5,0.6,1.1,2.9,8.1,willigr01
531,Grant Williams,PF,25,CHO,11,1,29.6,4.6,9.3,.500,1.6,4.5,.360,3.0,4.7,.635,.588,2.8,3.5,.816,1.5,3.9,5.5,2.3,0.5,0.5,2.0,3.0,13.7,willigr01
532,Jalen Williams,PF,22,OKC,56,56,32.0,7.6,14.0,.540,1.5,3.4,.453,6.0,10.6,.567,.594,2.7,3.3,.815,0.5,3.5,4.0,4.5,1.1,0.5,1.7,2.6,19.3,willija06
533,Jaylin Williams,C,21,OKC,50,0,12.6,1.3,3.3,.394,0.8,2.1,.362,0.5,1.2,.450,.509,0.5,0.6,.821,0.5,2.7,3.2,1.3,0.4,0.4,0.4,1.4,3.8,willija07
534,Jeenathan Williams,SG,24,HOU,11,0,6.9,1.3,2.7,.467,0.1,0.3,.333,1.2,2.5,.481,.483,0.4,0.6,.571,0.7,0.2,0.9,0.5,0.2,0.0,0.2,0.8,3.0,willije02
535,Kenrich Williams,PF,29,OKC,51,1,14.2,1.6,3.7,.449,0.8,2.0,.386,0.9,1.7,.523,.553,0.1,0.2,.300,0.7,2.0,2.8,1.2,0.5,0.1,0.4,1.4,4.1,willike04
536,Mark Williams,C,22,CHO,19,19,26.7,5.2,7.9,.649,0.0,0.0,,5.2,7.9,.649,.649,2.4,3.4,.719,4.0,5.7,9.7,1.2,0.8,1.1,0.9,2.6,12.7,willima07
537,Patrick Williams,PF,22,CHI,43,30,27.3,3.7,8.3,.443,1.4,3.4,.399,2.3,4.9,.474,.525,1.2,1.5,.788,1.1,2.8,3.9,1.5,0.9,0.8,1.3,2.0,10.0,willipa01
538,Robert Williams,C,26,POR,6,0,19.8,2.8,4.3,.654,0.0,0.0,,2.8,4.3,.654,.654,1.2,1.5,.778,1.8,4.5,6.3,0.8,1.2,1.2,1.2,2.8,6.8,williro04
539,Vince Williams Jr.,SG,23,MEM,51,32,27.5,3.2,7.3,.445,1.5,4.0,.373,1.7,3.3,.533,.547,2.0,2.5,.802,1.2,4.4,5.6,3.3,0.9,0.6,1.7,2.6,9.9,willivi01
540,Ziaire Williams,SF,22,MEM,51,15,20.4,2.9,7.4,.397,1.1,3.7,.307,1.8,3.7,.487,.474,1.2,1.5,.827,0.7,2.8,3.5,1.5,0.7,0.2,1.3,1.7,8.2,willizi02
541,Zion Williamson,PF,23,NOP,51,51,30.5,8.7,15.1,.576,0.1,0.3,.385,8.6,14.9,.579,.579,4.5,6.6,.687,1.7,3.8,5.5,5.2,0.9,0.5,2.6,2.3,22.0,willizi01
542,Jalen Wilson,PF,23,BRK,24,1,14.4,1.7,3.8,.444,0.6,1.5,.405,1.0,2.2,.472,.528,0.9,1.0,.913,1.2,1.5,2.7,1.2,0.3,0.0,0.3,1.1,4.8,wilsoja03
543,Dylan Windler,SF,27,TOT,11,0,3.2,0.5,1.0,.455,0.5,0.9,.500,0.0,0.1,.000,.682,0.0,0.0,,0.0,0.4,0.4,0.6,0.0,0.0,0.0,0.3,1.4,windldy01
543,Dylan Windler,SF,27,NYK,3,0,2.3,0.3,0.7,.500,0.3,0.7,.500,0.0,0.0,,.750,0.0,0.0,,0.0,0.3,0.3,0.3,0.0,0.0,0.0,0.3,1.0,windldy01
543,Dylan Windler,SF,27,LAL,8,0,3.5,0.5,1.1,.444,0.5,1.0,.500,0.0,0.1,.000,.667,0.0,0.0,,0.0,0.4,0.4,0.8,0.0,0.0,0.0,0.3,1.5,windldy01
544,James Wiseman,C,22,DET,42,0,14.4,2.5,3.9,.660,0.0,0.0,.000,2.5,3.8,.669,.660,0.7,1.2,.608,1.5,2.7,4.2,0.7,0.2,0.6,0.8,2.1,5.8,wisemja01
545,Christian Wood,PF,28,LAL,50,1,17.4,2.5,5.3,.466,0.7,2.3,.307,1.8,3.0,.587,.532,1.3,1.9,.702,0.8,4.3,5.1,1.0,0.3,0.7,1.0,1.4,6.9,woodch01
546,Delon Wright,PG,31,TOT,36,1,14.2,1.4,3.6,.397,0.4,1.2,.381,1.0,2.5,.404,.458,0.8,1.0,.829,0.4,1.4,1.8,2.5,1.1,0.3,0.3,0.6,4.1,wrighde01
546,Delon Wright,PG,31,WAS,33,0,13.8,1.5,3.7,.393,0.4,1.2,.368,1.0,2.5,.405,.451,0.7,0.9,.828,0.4,1.4,1.8,2.5,1.1,0.2,0.3,0.7,4.1,wrighde01
546,Delon Wright,PG,31,MIA,3,1,18.7,1.3,3.0,.444,0.7,1.3,.500,0.7,1.7,.400,.556,1.7,2.0,.833,0.3,1.0,1.3,3.0,1.0,0.3,0.0,0.3,5.0,wrighde01
547,Thaddeus Young,PF,35,TOT,25,6,15.2,2.3,3.7,.613,0.0,0.2,.167,2.2,3.5,.644,.618,0.2,0.6,.357,1.4,2.0,3.4,2.0,0.8,0.1,0.5,1.7,4.8,youngth01
547,Thaddeus Young,PF,35,TOR,23,6,15.2,2.3,3.8,.621,0.0,0.3,.167,2.3,3.5,.654,.626,0.2,0.5,.417,1.3,2.0,3.3,2.2,0.8,0.1,0.5,1.7,5.0,youngth01
547,Thaddeus Young,PF,35,PHO,2,0,14.5,1.5,3.0,.500,0.0,0.0,,1.5,3.0,.500,.500,0.0,1.0,.000,3.5,1.5,5.0,0.0,0.5,0.0,0.5,2.0,3.0,youngth01
548,Trae Young,PG,25,ATL,51,51,36.5,8.2,19.3,.426,3.3,8.9,.371,4.9,10.3,.473,.512,6.6,7.8,.856,0.4,2.3,2.7,10.8,1.4,0.2,4.3,2.1,26.4,youngtr01
549,Omer Yurtseven,C,25,UTA,34,6,9.2,1.4,2.8,.521,0.1,0.5,.235,1.3,2.3,.584,.543,0.2,0.4,.533,1.3,2.4,3.7,0.5,0.1,0.4,0.7,1.1,3.2,yurtsom01
550,Cody Zeller,C,31,NOP,39,0,7.7,0.6,1.5,.417,0.0,0.1,.333,0.6,1.5,.421,.425,0.6,0.9,.611,1.2,1.6,2.7,0.9,0.2,0.1,0.4,1.1,1.9,zelleco01
551,Ivica Zubac,C,26,LAC,49,49,26.2,4.9,7.5,.648,0.0,0.0,,4.9,7.5,.648,.648,1.7,2.5,.669,3.0,6.3,9.2,1.3,0.2,1.2,1.2,2.7,11.4,zubaciv01
